sample_number,date_time,temperature_water,sub_pressure,level_m
1,02/12/18 12:00,15.855,164.4,2.19181368
2,02/12/18 12:15,15.855,164.46,2.192613612
3,02/12/18 12:30,15.855,164.09,2.187680698
4,02/12/18 12:45,15.855,164.28,2.190213816
5,02/12/18 13:00,15.855,164.73,2.196213306
6,02/12/18 13:15,15.855,164.18,2.188880596
7,02/12/18 13:30,15.855,163.99,2.186347478
8,02/12/18 13:45,15.855,163.85,2.18448097
9,02/12/18 14:00,15.76,164.06,2.187280732
10,02/12/18 14:15,15.76,164.02,2.186747444
11,02/12/18 14:30,15.855,164.18,2.188880596
12,02/12/18 14:45,15.855,164.28,2.190213816
13,02/12/18 15:00,15.855,163.94,2.185680868
14,02/12/18 15:15,15.855,163.9,2.18514758
15,02/12/18 15:30,15.76,163.93,2.185547546
16,02/12/18 15:45,15.855,163.88,2.184880936
17,02/12/18 16:00,15.855,163.77,2.183414394
18,02/12/18 16:15,15.855,163.96,2.185947512
19,02/12/18 16:30,15.855,163.94,2.185680868
20,02/12/18 16:45,15.855,163.87,2.184747614
21,02/12/18 17:00,15.76,163.89,2.185014258
22,02/12/18 17:15,15.76,163.86,2.184614292
23,02/12/18 17:30,15.76,164.14,2.188347308
24,02/12/18 17:45,15.76,163.99,2.186347478
25,02/12/18 18:00,15.855,164.39,2.191680358
26,02/12/18 18:15,15.855,164.45,2.19248029
27,02/12/18 18:30,15.855,164.15,2.18848063
28,02/12/18 18:45,15.855,164.34,2.191013748
29,02/12/18 19:00,15.76,164.43,2.192213646
30,02/12/18 19:15,15.76,164.48,2.192880256
31,02/12/18 19:30,15.855,164.58,2.194213476
32,02/12/18 19:45,15.855,164.59,2.194346798
33,02/12/18 20:00,15.855,164.47,2.192746934
34,02/12/18 20:15,15.855,164.67,2.195413374
35,02/12/18 20:30,15.951,164.54,2.193680188
36,02/12/18 20:45,15.855,164.51,2.193280222
37,02/12/18 21:00,15.855,164.45,2.19248029
38,02/12/18 21:15,15.855,164.57,2.194080154
39,02/12/18 21:30,15.855,164.57,2.194080154
40,02/12/18 21:45,15.855,164.53,2.193546866
41,02/12/18 22:00,15.855,164.66,2.195280052
42,02/12/18 22:15,15.855,164.6,2.19448012
43,02/12/18 22:30,15.855,164.8,2.19714656
44,02/12/18 22:45,15.855,164.63,2.194880086
45,02/12/18 23:00,15.855,164.7,2.19581334
46,02/12/18 23:15,15.855,164.64,2.195013408
47,02/12/18 23:30,15.855,164.65,2.19514673
48,02/12/18 23:45,15.855,164.82,2.197413204
49,02/13/18 0:00,15.855,164.76,2.196613272
50,02/13/18 0:15,15.855,164.53,2.193546866
51,02/13/18 0:30,15.855,164.7,2.19581334
52,02/13/18 0:45,15.855,164.71,2.195946662
53,02/13/18 1:00,15.855,164.58,2.194213476
54,02/13/18 1:15,15.855,164.65,2.19514673
55,02/13/18 1:30,15.855,164.53,2.193546866
56,02/13/18 1:45,15.855,164.42,2.192080324
57,02/13/18 2:00,15.855,164.67,2.195413374
58,02/13/18 2:15,15.855,164.55,2.19381351
59,02/13/18 2:30,15.855,164.51,2.193280222
60,02/13/18 2:45,15.855,164.51,2.193280222
61,02/13/18 3:00,15.855,164.52,2.193413544
62,02/13/18 3:15,15.855,164.52,2.193413544
63,02/13/18 3:30,15.855,164.58,2.194213476
64,02/13/18 3:45,15.855,164.65,2.19514673
65,02/13/18 4:00,15.855,164.53,2.193546866
66,02/13/18 4:15,15.855,164.65,2.19514673
67,02/13/18 4:30,15.855,164.6,2.19448012
68,02/13/18 4:45,15.855,164.66,2.195280052
69,02/13/18 5:00,15.855,164.65,2.19514673
70,02/13/18 5:15,15.855,164.6,2.19448012
71,02/13/18 5:30,15.855,164.48,2.192880256
72,02/13/18 5:45,15.951,164.64,2.195013408
73,02/13/18 6:00,15.951,164.3,2.19048046
74,02/13/18 6:15,15.951,164.42,2.192080324
75,02/13/18 6:30,15.951,164.6,2.19448012
76,02/13/18 6:45,15.951,164.5,2.1931469
77,02/13/18 7:00,15.855,164.6,2.19448012
78,02/13/18 7:15,15.855,164.54,2.193680188
79,02/13/18 7:30,15.855,164.43,2.192213646
80,02/13/18 7:45,15.855,164.68,2.195546696
81,02/13/18 8:00,15.951,164.59,2.194346798
82,02/13/18 8:15,15.951,164.41,2.191947002
83,02/13/18 8:30,15.951,164.4,2.19181368
84,02/13/18 8:45,15.855,164.57,2.194080154
85,02/13/18 9:00,15.855,164.33,2.190880426
86,02/13/18 9:15,15.855,164.35,2.19114707
87,02/13/18 9:30,15.855,164.26,2.189947172
88,02/13/18 9:45,15.855,164.45,2.19248029
89,02/13/18 10:00,15.951,164.26,2.189947172
90,02/13/18 10:15,15.951,164.19,2.189013918
91,02/13/18 10:30,15.951,164.27,2.190080494
92,02/13/18 10:45,15.951,164.28,2.190213816
93,02/13/18 11:00,15.951,164.15,2.18848063
94,02/13/18 11:15,15.951,164.05,2.18714741
95,02/13/18 11:30,15.951,164.18,2.188880596
96,02/13/18 11:45,15.855,164.09,2.187680698
97,02/13/18 12:00,15.951,164.2,2.18914724
98,02/13/18 12:15,15.951,164.09,2.187680698
99,02/13/18 12:30,15.951,164.14,2.188347308
100,02/13/18 12:45,15.951,164.31,2.190613782
101,02/13/18 13:00,15.951,164.33,2.190880426
102,02/13/18 13:15,15.951,164.19,2.189013918
103,02/13/18 13:30,15.951,164.04,2.187014088
104,02/13/18 13:45,15.951,164.01,2.186614122
105,02/13/18 14:00,15.951,164.17,2.188747274
106,02/13/18 14:15,15.855,164.1,2.18781402
107,02/13/18 14:30,15.855,164.13,2.188213986
108,02/13/18 14:45,15.951,164.18,2.188880596
109,02/13/18 15:00,15.951,164.23,2.189547206
110,02/13/18 15:15,15.951,164.3,2.19048046
111,02/13/18 15:30,15.951,164.36,2.191280392
112,02/13/18 15:45,15.951,164.24,2.189680528
113,02/13/18 16:00,15.951,164.3,2.19048046
114,02/13/18 16:15,15.951,164.24,2.189680528
115,02/13/18 16:30,15.951,164.24,2.189680528
116,02/13/18 16:45,15.951,164.19,2.189013918
117,02/13/18 17:00,15.951,163.89,2.185014258
118,02/13/18 17:15,15.951,163.8,2.18381436
119,02/13/18 17:30,15.951,163.88,2.184880936
120,02/13/18 17:45,15.951,164.02,2.186747444
121,02/13/18 18:00,15.951,164.15,2.18848063
122,02/13/18 18:15,15.951,164.14,2.188347308
123,02/13/18 18:30,15.951,164.24,2.189680528
124,02/13/18 18:45,15.951,164.36,2.191280392
125,02/13/18 19:00,15.951,164.36,2.191280392
126,02/13/18 19:15,15.951,164.19,2.189013918
127,02/13/18 19:30,15.951,164.37,2.191413714
128,02/13/18 19:45,15.951,164.26,2.189947172
129,02/13/18 20:00,15.951,164.37,2.191413714
130,02/13/18 20:15,15.951,164.18,2.188880596
131,02/13/18 20:30,15.951,164.3,2.19048046
132,02/13/18 20:45,15.951,164.43,2.192213646
133,02/13/18 21:00,15.951,164.6,2.19448012
134,02/13/18 21:15,15.951,164.25,2.18981385
135,02/13/18 21:30,15.951,164.37,2.191413714
136,02/13/18 21:45,15.951,164.49,2.193013578
137,02/13/18 22:00,15.951,164.49,2.193013578
138,02/13/18 22:15,15.951,164.49,2.193013578
139,02/13/18 22:30,15.951,164.43,2.192213646
140,02/13/18 22:45,15.951,164.43,2.192213646
141,02/13/18 23:00,15.951,164.43,2.192213646
142,02/13/18 23:15,15.951,164.43,2.192213646
143,02/13/18 23:30,15.951,164.49,2.193013578
144,02/13/18 23:45,15.951,164.49,2.193013578
145,02/14/18 0:00,15.951,164.67,2.195413374
146,02/14/18 0:15,15.951,164.44,2.192346968
147,02/14/18 0:30,15.951,164.43,2.192213646
148,02/14/18 0:45,15.951,164.56,2.193946832
149,02/14/18 1:00,15.951,164.63,2.194880086
150,02/14/18 1:15,15.951,164.69,2.195680018
151,02/14/18 1:30,15.951,164.49,2.193013578
152,02/14/18 1:45,15.951,164.61,2.194613442
153,02/14/18 2:00,15.951,164.61,2.194613442
154,02/14/18 2:15,15.951,164.61,2.194613442
155,02/14/18 2:30,15.951,164.73,2.196213306
156,02/14/18 2:45,15.951,164.48,2.192880256
157,02/14/18 3:00,15.951,164.66,2.195280052
158,02/14/18 3:15,15.951,164.61,2.194613442
159,02/14/18 3:30,15.951,164.54,2.193680188
160,02/14/18 3:45,15.951,164.48,2.192880256
161,02/14/18 4:00,15.951,164.48,2.192880256
162,02/14/18 4:15,15.951,164.6,2.19448012
163,02/14/18 4:30,15.951,164.53,2.193546866
164,02/14/18 4:45,15.951,164.59,2.194346798
165,02/14/18 5:00,15.951,164.51,2.193280222
166,02/14/18 5:15,15.951,164.57,2.194080154
167,02/14/18 5:30,15.951,164.58,2.194213476
168,02/14/18 5:45,15.951,164.52,2.193413544
169,02/14/18 6:00,15.951,164.57,2.194080154
170,02/14/18 6:15,15.951,164.39,2.191680358
171,02/14/18 6:30,15.951,164.58,2.194213476
172,02/14/18 6:45,15.951,164.58,2.194213476
173,02/14/18 7:00,15.951,164.46,2.192613612
174,02/14/18 7:15,15.951,164.45,2.19248029
175,02/14/18 7:30,15.951,164.45,2.19248029
176,02/14/18 7:45,15.951,164.57,2.194080154
177,02/14/18 8:00,15.951,164.45,2.19248029
178,02/14/18 8:15,15.951,164.33,2.190880426
179,02/14/18 8:30,15.951,164.33,2.190880426
180,02/14/18 8:45,15.951,164.29,2.190347138
181,02/14/18 9:00,15.951,164.32,2.190747104
182,02/14/18 9:15,15.951,164.08,2.187547376
183,02/14/18 9:30,15.951,164.3,2.19048046
184,02/14/18 9:45,15.951,164.25,2.18981385
185,02/14/18 10:00,15.951,164.07,2.187414054
186,02/14/18 10:15,15.951,163.9,2.18514758
187,02/14/18 10:30,15.951,164.19,2.189013918
188,02/14/18 10:45,15.951,164.08,2.187547376
189,02/14/18 11:00,15.951,164.01,2.186614122
190,02/14/18 11:15,15.951,163.82,2.184081004
191,02/14/18 11:30,15.951,164,2.1864808
192,02/14/18 11:45,16.046,164.09,2.187680698
193,02/14/18 12:00,16.046,164.09,2.187680698
194,02/14/18 12:15,16.046,163.9,2.18514758
195,02/14/18 12:30,15.951,163.92,2.185414224
196,02/14/18 12:45,15.951,163.88,2.184880936
197,02/14/18 13:00,15.951,164.12,2.188080664
198,02/14/18 13:15,15.951,163.86,2.184614292
199,02/14/18 13:30,15.951,163.78,2.183547716
200,02/14/18 13:45,15.951,163.55,2.18048131
201,02/14/18 14:00,15.951,163.63,2.181547886
202,02/14/18 14:15,15.951,163.66,2.181947852
203,02/14/18 14:30,15.951,163.7,2.18248114
204,02/14/18 14:45,15.951,163.7,2.18248114
205,02/14/18 15:00,15.951,163.82,2.184081004
206,02/14/18 15:15,15.951,163.59,2.181014598
207,02/14/18 15:30,15.951,163.37,2.178081514
208,02/14/18 15:45,16.046,163.59,2.181014598
209,02/14/18 16:00,16.046,163.38,2.178214836
210,02/14/18 16:15,16.046,163.4,2.17848148
211,02/14/18 16:30,16.046,163.57,2.180747954
212,02/14/18 16:45,16.046,163.59,2.181014598
213,02/14/18 17:00,16.046,163.57,2.180747954
214,02/14/18 17:15,15.951,163.39,2.178348158
215,02/14/18 17:30,15.951,163.84,2.184347648
216,02/14/18 17:45,15.951,163.93,2.185547546
217,02/14/18 18:00,16.046,164.05,2.18714741
218,02/14/18 18:15,16.046,164.09,2.187680698
219,02/14/18 18:30,16.046,164.19,2.189013918
220,02/14/18 18:45,16.046,164.18,2.188880596
221,02/14/18 19:00,16.046,164.19,2.189013918
222,02/14/18 19:15,16.046,164.04,2.187014088
223,02/14/18 19:30,16.046,164.06,2.187280732
224,02/14/18 19:45,16.046,164.16,2.188613952
225,02/14/18 20:00,16.046,164.23,2.189547206
226,02/14/18 20:15,16.046,164.15,2.18848063
227,02/14/18 20:30,16.046,164.09,2.187680698
228,02/14/18 20:45,15.951,164.29,2.190347138
229,02/14/18 21:00,15.951,164.24,2.189680528
230,02/14/18 21:15,15.951,164.18,2.188880596
231,02/14/18 21:30,16.046,164.14,2.188347308
232,02/14/18 21:45,16.046,164.27,2.190080494
233,02/14/18 22:00,16.046,164.27,2.190080494
234,02/14/18 22:15,16.046,164.27,2.190080494
235,02/14/18 22:30,16.046,164.27,2.190080494
236,02/14/18 22:45,16.046,164.33,2.190880426
237,02/14/18 23:00,16.046,164.27,2.190080494
238,02/14/18 23:15,16.046,164.28,2.190213816
239,02/14/18 23:30,16.046,164.34,2.191013748
240,02/14/18 23:45,16.046,164.35,2.19114707
241,02/15/18 0:00,16.046,164.34,2.191013748
242,02/15/18 0:15,16.046,164.4,2.19181368
243,02/15/18 0:30,16.046,164.34,2.191013748
244,02/15/18 0:45,16.046,164.35,2.19114707
245,02/15/18 1:00,16.046,164.4,2.19181368
246,02/15/18 1:15,16.046,164.47,2.192746934
247,02/15/18 1:30,16.046,164.36,2.191280392
248,02/15/18 1:45,16.046,164.3,2.19048046
249,02/15/18 2:00,16.046,164.43,2.192213646
250,02/15/18 2:15,16.046,164.49,2.193013578
251,02/15/18 2:30,16.046,164.44,2.192346968
252,02/15/18 2:45,16.046,164.43,2.192213646
253,02/15/18 3:00,16.046,164.39,2.191680358
254,02/15/18 3:15,16.046,164.44,2.192346968
255,02/15/18 3:30,16.046,164.58,2.194213476
256,02/15/18 3:45,16.046,164.44,2.192346968
257,02/15/18 4:00,16.046,164.69,2.195680018
258,02/15/18 4:15,16.046,164.19,2.189013918
259,02/15/18 4:30,16.046,164.25,2.18981385
260,02/15/18 4:45,16.046,164.13,2.188213986
261,02/15/18 5:00,16.046,164.19,2.189013918
262,02/15/18 5:15,15.951,164.09,2.187680698
263,02/15/18 5:30,15.951,164.28,2.190213816
264,02/15/18 5:45,16.046,164.33,2.190880426
265,02/15/18 6:00,16.046,164.39,2.191680358
266,02/15/18 6:15,16.046,164.48,2.192880256
267,02/15/18 6:30,16.046,164.61,2.194613442
268,02/15/18 6:45,16.046,164.44,2.192346968
269,02/15/18 7:00,15.951,164.43,2.192213646
270,02/15/18 7:15,15.951,164.32,2.190747104
271,02/15/18 7:30,16.046,164.61,2.194613442
272,02/15/18 7:45,16.046,164.54,2.193680188
273,02/15/18 8:00,16.046,164.5,2.1931469
274,02/15/18 8:15,16.046,164.36,2.191280392
275,02/15/18 8:30,16.141,164.43,2.192213646
276,02/15/18 8:45,16.141,164.29,2.190347138
277,02/15/18 9:00,16.141,164.02,2.186747444
278,02/15/18 9:15,16.046,163.87,2.184747614
279,02/15/18 9:30,16.046,164.12,2.188080664
280,02/15/18 9:45,16.046,163.9,2.18514758
281,02/15/18 10:00,16.046,164.04,2.187014088
282,02/15/18 10:15,16.046,164.02,2.186747444
283,02/15/18 10:30,16.046,163.99,2.186347478
284,02/15/18 10:45,16.046,164.05,2.18714741
285,02/15/18 11:00,16.046,163.68,2.182214496
286,02/15/18 11:15,15.951,163.73,2.182881106
287,02/15/18 11:30,15.951,163.79,2.183681038
288,02/15/18 11:45,16.046,163.83,2.184214326
289,02/15/18 12:00,16.046,163.79,2.183681038
290,02/15/18 12:15,16.141,163.76,2.183281072
291,02/15/18 12:30,16.141,163.57,2.180747954
292,02/15/18 12:45,16.141,163.79,2.183681038
293,02/15/18 13:00,16.046,164.03,2.186880766
294,02/15/18 13:15,16.046,163.66,2.181947852
295,02/15/18 13:30,16.046,163.43,2.178881446
296,02/15/18 13:45,16.046,163.45,2.17914809
297,02/15/18 14:00,16.046,163.39,2.178348158
298,02/15/18 14:15,16.046,163.52,2.180081344
299,02/15/18 14:30,16.046,163.66,2.181947852
300,02/15/18 14:45,16.046,163.66,2.181947852
301,02/15/18 15:00,16.046,163.43,2.178881446
302,02/15/18 15:15,16.046,163.25,2.17648165
303,02/15/18 15:30,16.046,163.28,2.176881616
304,02/15/18 15:45,16.141,163.25,2.17648165
305,02/15/18 16:00,16.141,163.14,2.175015108
306,02/15/18 16:15,16.141,163.15,2.17514843
307,02/15/18 16:30,16.141,162.94,2.172348668
308,02/15/18 16:45,16.141,162.88,2.171548736
309,02/15/18 17:00,16.046,162.96,2.172615312
310,02/15/18 17:15,16.046,163.13,2.174881786
311,02/15/18 17:30,16.046,163.36,2.177948192
312,02/15/18 17:45,16.046,163.58,2.180881276
313,02/15/18 18:00,16.046,163.62,2.181414564
314,02/15/18 18:15,16.046,163.8,2.18381436
315,02/15/18 18:30,16.141,163.94,2.185680868
316,02/15/18 18:45,16.141,163.91,2.185280902
317,02/15/18 19:00,16.141,163.93,2.185547546
318,02/15/18 19:15,16.141,163.78,2.183547716
319,02/15/18 19:30,16.141,163.82,2.184081004
320,02/15/18 19:45,16.046,163.83,2.184214326
321,02/15/18 20:00,16.046,163.81,2.183947682
322,02/15/18 20:15,16.046,164.04,2.187014088
323,02/15/18 20:30,16.046,163.99,2.186347478
324,02/15/18 20:45,16.141,164.03,2.186880766
325,02/15/18 21:00,16.141,164.14,2.188347308
326,02/15/18 21:15,16.141,164.15,2.18848063
327,02/15/18 21:30,16.141,164.21,2.189280562
328,02/15/18 21:45,16.141,164.16,2.188613952
329,02/15/18 22:00,16.141,164.16,2.188613952
330,02/15/18 22:15,16.141,164.04,2.187014088
331,02/15/18 22:30,16.141,164.22,2.189413884
332,02/15/18 22:45,16.141,164.28,2.190213816
333,02/15/18 23:00,16.141,164.36,2.191280392
334,02/15/18 23:15,16.141,164.35,2.19114707
335,02/15/18 23:30,16.046,164.32,2.190747104
336,02/15/18 23:45,16.141,164.29,2.190347138
337,02/16/18 0:00,16.046,164.13,2.188213986
338,02/16/18 0:15,16.141,164.16,2.188613952
339,02/16/18 0:30,16.141,164.18,2.188880596
340,02/16/18 0:45,16.141,164.38,2.191547036
341,02/16/18 1:00,16.141,164.19,2.189013918
342,02/16/18 1:15,16.141,164.38,2.191547036
343,02/16/18 1:30,16.141,164.38,2.191547036
344,02/16/18 1:45,16.141,164.34,2.191013748
345,02/16/18 2:00,16.141,164.21,2.189280562
346,02/16/18 2:15,16.141,164.33,2.190880426
347,02/16/18 2:30,16.141,164.21,2.189280562
348,02/16/18 2:45,16.141,164.46,2.192613612
349,02/16/18 3:00,16.141,164.29,2.190347138
350,02/16/18 3:15,16.141,164.34,2.191013748
351,02/16/18 3:30,16.141,164.34,2.191013748
352,02/16/18 3:45,16.141,164.35,2.19114707
353,02/16/18 4:00,16.141,164.42,2.192080324
354,02/16/18 4:15,16.141,164.33,2.190880426
355,02/16/18 4:30,16.141,164.18,2.188880596
356,02/16/18 4:45,16.141,164.18,2.188880596
357,02/16/18 5:00,16.046,164.27,2.190080494
358,02/16/18 5:15,16.141,164.33,2.190880426
359,02/16/18 5:30,16.141,164.34,2.191013748
360,02/16/18 5:45,16.141,164.46,2.192613612
361,02/16/18 6:00,16.141,164.39,2.191680358
362,02/16/18 6:15,16.141,164.41,2.191947002
363,02/16/18 6:30,16.141,164.4,2.19181368
364,02/16/18 6:45,16.141,164.37,2.191413714
365,02/16/18 7:00,16.141,164.37,2.191413714
366,02/16/18 7:15,16.141,164.44,2.192346968
367,02/16/18 7:30,16.141,164.22,2.189413884
368,02/16/18 7:45,16.141,164.24,2.189680528
369,02/16/18 8:00,16.141,164.13,2.188213986
370,02/16/18 8:15,16.141,164.16,2.188613952
371,02/16/18 8:30,16.141,163.78,2.183547716
372,02/16/18 8:45,16.141,163.91,2.185280902
373,02/16/18 9:00,16.141,163.8,2.18381436
374,02/16/18 9:15,16.141,163.78,2.183547716
375,02/16/18 9:30,16.141,164,2.1864808
376,02/16/18 9:45,16.141,163.77,2.183414394
377,02/16/18 10:00,16.141,163.95,2.18581419
378,02/16/18 10:15,16.141,163.9,2.18514758
379,02/16/18 10:30,16.141,163.83,2.184214326
380,02/16/18 10:45,16.141,163.82,2.184081004
381,02/16/18 11:00,16.141,163.75,2.18314775
382,02/16/18 11:15,16.141,163.62,2.181414564
383,02/16/18 11:30,16.141,163.52,2.180081344
384,02/16/18 11:45,16.141,163.51,2.179948022
385,02/16/18 12:00,16.141,163.45,2.17914809
386,02/16/18 12:15,16.141,163.53,2.180214666
387,02/16/18 12:30,16.141,163.42,2.178748124
388,02/16/18 12:45,16.141,163.3,2.17714826
389,02/16/18 13:00,16.141,163.75,2.18314775
390,02/16/18 13:15,16.141,163.5,2.1798147
391,02/16/18 13:30,16.141,163.37,2.178081514
392,02/16/18 13:45,16.141,163.13,2.174881786
393,02/16/18 14:00,16.141,163.2,2.17581504
394,02/16/18 14:15,16.141,163.31,2.177281582
395,02/16/18 14:30,16.141,163.49,2.179681378
396,02/16/18 14:45,16.141,163.57,2.180747954
397,02/16/18 15:00,16.141,163.4,2.17848148
398,02/16/18 15:15,16.141,163.31,2.177281582
399,02/16/18 15:30,16.141,162.96,2.172615312
400,02/16/18 15:45,16.141,163,2.1731486
401,02/16/18 16:00,16.141,162.88,2.171548736
402,02/16/18 16:15,16.141,162.79,2.170348838
403,02/16/18 16:30,16.141,162.62,2.168082364
404,02/16/18 16:45,16.141,162.48,2.166215856
405,02/16/18 17:00,16.141,162.38,2.164882636
406,02/16/18 17:15,16.141,162.48,2.166215856
407,02/16/18 17:30,16.141,163.08,2.174215176
408,02/16/18 17:45,16.141,163.39,2.178348158
409,02/16/18 18:00,16.141,163.39,2.178348158
410,02/16/18 18:15,16.141,163.57,2.180747954
411,02/16/18 18:30,16.141,163.63,2.181547886
412,02/16/18 18:45,16.141,163.56,2.180614632
413,02/16/18 19:00,16.141,163.61,2.181281242
414,02/16/18 19:15,16.141,163.55,2.18048131
415,02/16/18 19:30,16.141,163.6,2.18114792
416,02/16/18 19:45,16.141,163.72,2.182747784
417,02/16/18 20:00,16.141,163.65,2.18181453
418,02/16/18 20:15,16.141,163.81,2.183947682
419,02/16/18 20:30,16.141,163.69,2.182347818
420,02/16/18 20:45,16.141,163.64,2.181681208
421,02/16/18 21:00,16.141,163.69,2.182347818
422,02/16/18 21:15,16.141,163.69,2.182347818
423,02/16/18 21:30,16.141,163.75,2.18314775
424,02/16/18 21:45,16.141,163.75,2.18314775
425,02/16/18 22:00,16.141,163.82,2.184081004
426,02/16/18 22:15,16.141,163.65,2.18181453
427,02/16/18 22:30,16.141,163.9,2.18514758
428,02/16/18 22:45,16.141,163.84,2.184347648
429,02/16/18 23:00,16.141,163.79,2.183681038
430,02/16/18 23:15,16.141,163.91,2.185280902
431,02/16/18 23:30,16.141,163.97,2.186080834
432,02/16/18 23:45,16.141,164.03,2.186880766
433,02/17/18 0:00,16.141,164.02,2.186747444
434,02/17/18 0:15,16.141,163.9,2.18514758
435,02/17/18 0:30,16.141,164.14,2.188347308
436,02/17/18 0:45,16.141,163.91,2.185280902
437,02/17/18 1:00,16.141,164.08,2.187547376
438,02/17/18 1:15,16.141,163.96,2.185947512
439,02/17/18 1:30,16.141,163.97,2.186080834
440,02/17/18 1:45,16.141,163.97,2.186080834
441,02/17/18 2:00,16.141,164.1,2.18781402
442,02/17/18 2:15,16.141,164.03,2.186880766
443,02/17/18 2:30,16.141,164.11,2.187947342
444,02/17/18 2:45,16.141,164.11,2.187947342
445,02/17/18 3:00,16.141,163.88,2.184880936
446,02/17/18 3:15,16.141,164.01,2.186614122
447,02/17/18 3:30,16.141,164.08,2.187547376
448,02/17/18 3:45,16.141,163.9,2.18514758
449,02/17/18 4:00,16.141,164.02,2.186747444
450,02/17/18 4:15,16.141,163.97,2.186080834
451,02/17/18 4:30,16.141,163.96,2.185947512
452,02/17/18 4:45,16.141,163.95,2.18581419
453,02/17/18 5:00,16.141,164.11,2.187947342
454,02/17/18 5:15,16.141,164.04,2.187014088
455,02/17/18 5:30,16.141,164.05,2.18714741
456,02/17/18 5:45,16.141,164.05,2.18714741
457,02/17/18 6:00,16.141,164.05,2.18714741
458,02/17/18 6:15,16.141,164.13,2.188213986
459,02/17/18 6:30,16.141,164.15,2.18848063
460,02/17/18 6:45,16.237,164.19,2.189013918
461,02/17/18 7:00,16.237,164.14,2.188347308
462,02/17/18 7:15,16.237,164.08,2.187547376
463,02/17/18 7:30,16.237,164.08,2.187547376
464,02/17/18 7:45,16.141,163.96,2.185947512
465,02/17/18 8:00,16.141,163.94,2.185680868
466,02/17/18 8:15,16.141,163.97,2.186080834
467,02/17/18 8:30,16.141,163.75,2.18314775
468,02/17/18 8:45,16.237,163.83,2.184214326
469,02/17/18 9:00,16.237,163.71,2.182614462
470,02/17/18 9:15,16.237,163.67,2.182081174
471,02/17/18 9:30,16.141,163.67,2.182081174
472,02/17/18 9:45,16.141,163.5,2.1798147
473,02/17/18 10:00,16.141,163.55,2.18048131
474,02/17/18 10:15,16.141,163.45,2.17914809
475,02/17/18 10:30,16.141,163.57,2.180747954
476,02/17/18 10:45,16.237,163.46,2.179281412
477,02/17/18 11:00,16.237,163.51,2.179948022
478,02/17/18 11:15,16.237,163.46,2.179281412
479,02/17/18 11:30,16.237,163.46,2.179281412
480,02/17/18 11:45,16.237,163.24,2.176348328
481,02/17/18 12:00,16.237,163.24,2.176348328
482,02/17/18 12:15,16.141,163.27,2.176748294
483,02/17/18 12:30,16.141,163.07,2.174081854
484,02/17/18 12:45,16.237,162.93,2.172215346
485,02/17/18 13:00,16.237,163.41,2.178614802
486,02/17/18 13:15,16.237,163.06,2.173948532
487,02/17/18 13:30,16.237,162.67,2.168748974
488,02/17/18 13:45,16.237,162.58,2.167549076
489,02/17/18 14:00,16.237,162.62,2.168082364
490,02/17/18 14:15,16.237,162.91,2.171948702
491,02/17/18 14:30,16.237,163.11,2.174615142
492,02/17/18 14:45,16.237,163.01,2.173281922
493,02/17/18 15:00,16.237,163.09,2.174348498
494,02/17/18 15:15,16.237,162.95,2.17248199
495,02/17/18 15:30,16.237,162.94,2.172348668
496,02/17/18 15:45,16.237,162.85,2.17114877
497,02/17/18 16:00,16.237,162.62,2.168082364
498,02/17/18 16:15,16.237,162.51,2.166615822
499,02/17/18 16:30,16.237,162.6,2.16781572
500,02/17/18 16:45,16.237,162.47,2.166082534
501,02/17/18 17:00,16.237,162.39,2.165015958
502,02/17/18 17:15,16.237,162.6,2.16781572
503,02/17/18 17:30,16.237,162.92,2.172082024
504,02/17/18 17:45,16.237,163.23,2.176215006
505,02/17/18 18:00,16.237,163.31,2.177281582
506,02/17/18 18:15,16.237,163.49,2.179681378
507,02/17/18 18:30,16.237,163.39,2.178348158
508,02/17/18 18:45,16.237,163.43,2.178881446
509,02/17/18 19:00,16.237,163.54,2.180347988
510,02/17/18 19:15,16.237,163.48,2.179548056
511,02/17/18 19:30,16.237,163.53,2.180214666
512,02/17/18 19:45,16.237,163.52,2.180081344
513,02/17/18 20:00,16.237,163.51,2.179948022
514,02/17/18 20:15,16.237,163.49,2.179681378
515,02/17/18 20:30,16.237,163.6,2.18114792
516,02/17/18 20:45,16.237,163.65,2.18181453
517,02/17/18 21:00,16.237,163.78,2.183547716
518,02/17/18 21:15,16.237,163.77,2.183414394
519,02/17/18 21:30,16.237,163.47,2.179414734
520,02/17/18 21:45,16.237,163.65,2.18181453
521,02/17/18 22:00,16.237,163.82,2.184081004
522,02/17/18 22:15,16.237,163.78,2.183547716
523,02/17/18 22:30,16.237,163.64,2.181681208
524,02/17/18 22:45,16.237,163.83,2.184214326
525,02/17/18 23:00,16.237,163.76,2.183281072
526,02/17/18 23:15,16.237,163.59,2.181014598
527,02/17/18 23:30,16.237,163.71,2.182614462
528,02/17/18 23:45,16.237,163.78,2.183547716
529,02/18/18 0:00,16.237,163.79,2.183681038
530,02/18/18 0:15,16.237,163.85,2.18448097
531,02/18/18 0:30,16.237,163.97,2.186080834
532,02/18/18 0:45,16.237,163.91,2.185280902
533,02/18/18 1:00,16.237,163.81,2.183947682
534,02/18/18 1:15,16.237,163.97,2.186080834
535,02/18/18 1:30,16.237,163.92,2.185414224
536,02/18/18 1:45,16.237,163.92,2.185414224
537,02/18/18 2:00,16.237,164.04,2.187014088
538,02/18/18 2:15,16.237,164.05,2.18714741
539,02/18/18 2:30,16.237,163.92,2.185414224
540,02/18/18 2:45,16.237,163.91,2.185280902
541,02/18/18 3:00,16.237,163.95,2.18581419
542,02/18/18 3:15,16.237,163.95,2.18581419
543,02/18/18 3:30,16.237,163.94,2.185680868
544,02/18/18 3:45,16.237,163.93,2.185547546
545,02/18/18 4:00,16.237,163.87,2.184747614
546,02/18/18 4:15,16.237,163.79,2.183681038
547,02/18/18 4:30,16.237,163.85,2.18448097
548,02/18/18 4:45,16.237,163.79,2.183681038
549,02/18/18 5:00,16.237,163.72,2.182747784
550,02/18/18 5:15,16.237,163.67,2.182081174
551,02/18/18 5:30,16.237,163.61,2.181281242
552,02/18/18 5:45,16.237,163.72,2.182747784
553,02/18/18 6:00,16.237,163.78,2.183547716
554,02/18/18 6:15,16.237,163.83,2.184214326
555,02/18/18 6:30,16.237,163.72,2.182747784
556,02/18/18 6:45,16.237,163.65,2.18181453
557,02/18/18 7:00,16.237,163.67,2.182081174
558,02/18/18 7:15,16.237,163.73,2.182881106
559,02/18/18 7:30,16.237,163.61,2.181281242
560,02/18/18 7:45,16.237,163.66,2.181947852
561,02/18/18 8:00,16.237,163.66,2.181947852
562,02/18/18 8:15,16.237,163.35,2.17781487
563,02/18/18 8:30,16.237,163.48,2.179548056
564,02/18/18 8:45,16.237,163.37,2.178081514
565,02/18/18 9:00,16.237,163.44,2.179014768
566,02/18/18 9:15,16.237,163.32,2.177414904
567,02/18/18 9:30,16.237,163.4,2.17848148
568,02/18/18 9:45,16.237,163.48,2.179548056
569,02/18/18 10:00,16.237,163.32,2.177414904
570,02/18/18 10:15,16.237,163.32,2.177414904
571,02/18/18 10:30,16.237,163.25,2.17648165
572,02/18/18 10:45,16.237,163.02,2.173415244
573,02/18/18 11:00,16.237,163.08,2.174215176
574,02/18/18 11:15,16.237,162.72,2.169415584
575,02/18/18 11:30,16.237,163.02,2.173415244
576,02/18/18 11:45,16.237,162.91,2.171948702
577,02/18/18 12:00,16.237,162.9,2.17181538
578,02/18/18 12:15,16.237,162.9,2.17181538
579,02/18/18 12:30,16.237,162.96,2.172615312
580,02/18/18 12:45,16.237,162.58,2.167549076
581,02/18/18 13:00,16.237,162.94,2.172348668
582,02/18/18 13:15,16.237,162.9,2.17181538
583,02/18/18 13:30,16.237,162.81,2.170615482
584,02/18/18 13:45,16.237,162.68,2.168882296
585,02/18/18 14:00,16.237,162.74,2.169682228
586,02/18/18 14:15,16.237,162.71,2.169282262
587,02/18/18 14:30,16.237,162.79,2.170348838
588,02/18/18 14:45,16.237,162.72,2.169415584
589,02/18/18 15:00,16.237,162.83,2.170882126
590,02/18/18 15:15,16.237,162.8,2.17048216
591,02/18/18 15:30,16.237,162.58,2.167549076
592,02/18/18 15:45,16.237,162.44,2.165682568
593,02/18/18 16:00,16.237,162.48,2.166215856
594,02/18/18 16:15,16.332,162.74,2.169682228
595,02/18/18 16:30,16.237,162.81,2.170615482
596,02/18/18 16:45,16.237,162.66,2.168615652
597,02/18/18 17:00,16.332,162.81,2.170615482
598,02/18/18 17:15,16.332,162.58,2.167549076
599,02/18/18 17:30,16.332,163,2.1731486
600,02/18/18 17:45,16.237,163,2.1731486
601,02/18/18 18:00,16.141,163.07,2.174081854
602,02/18/18 18:15,16.141,163.43,2.178881446
603,02/18/18 18:30,16.141,163.13,2.174881786
604,02/18/18 18:45,16.332,163.18,2.175548396
605,02/18/18 19:00,16.237,162.86,2.171282092
606,02/18/18 19:15,16.237,163.34,2.177681548
607,02/18/18 19:30,16.237,163.22,2.176081684
608,02/18/18 19:45,16.332,163.37,2.178081514
609,02/18/18 20:00,16.427,163.4,2.17848148
610,02/18/18 20:15,16.332,163.68,2.182214496
611,02/18/18 20:30,16.237,163.4,2.17848148
612,02/18/18 20:45,16.141,163.38,2.178214836
613,02/18/18 21:00,16.141,163.19,2.175681718
614,02/18/18 21:15,16.141,163.25,2.17648165
615,02/18/18 21:30,16.237,163.36,2.177948192
616,02/18/18 21:45,16.332,163.32,2.177414904
617,02/18/18 22:00,16.427,163.41,2.178614802
618,02/18/18 22:15,16.427,163.35,2.17781487
619,02/18/18 22:30,16.332,163.37,2.178081514
620,02/18/18 22:45,16.237,163.08,2.174215176
621,02/18/18 23:00,16.141,163.29,2.177014938
622,02/18/18 23:15,16.141,163.22,2.176081684
623,02/18/18 23:30,16.237,163.39,2.178348158
624,02/18/18 23:45,16.237,163.45,2.17914809
625,02/19/18 0:00,16.237,163.39,2.178348158
626,02/19/18 0:15,16.237,163.33,2.177548226
627,02/19/18 0:30,16.332,163.26,2.176614972
628,02/19/18 0:45,16.237,163.1,2.17448182
629,02/19/18 1:00,16.332,163.41,2.178614802
630,02/19/18 1:15,16.237,163.49,2.179681378
631,02/19/18 1:30,16.237,163.38,2.178214836
632,02/19/18 1:45,16.237,163.19,2.175681718
633,02/19/18 2:00,16.237,163.57,2.180747954
634,02/19/18 2:15,16.237,163.39,2.178348158
635,02/19/18 2:30,16.332,163.5,2.1798147
636,02/19/18 2:45,16.332,163.38,2.178214836
637,02/19/18 3:00,16.332,163.56,2.180614632
638,02/19/18 3:15,16.332,163.63,2.181547886
639,02/19/18 3:30,16.332,163.56,2.180614632
640,02/19/18 3:45,16.332,163.68,2.182214496
641,02/19/18 4:00,16.332,163.46,2.179281412
642,02/19/18 4:15,16.332,163.57,2.180747954
643,02/19/18 4:30,16.332,163.57,2.180747954
644,02/19/18 4:45,16.332,163.52,2.180081344
645,02/19/18 5:00,16.332,163.41,2.178614802
646,02/19/18 5:15,16.332,163.59,2.181014598
647,02/19/18 5:30,16.332,163.59,2.181014598
648,02/19/18 5:45,16.332,163.66,2.181947852
649,02/19/18 6:00,16.332,163.67,2.182081174
650,02/19/18 6:15,16.332,163.62,2.181414564
651,02/19/18 6:30,16.237,163.79,2.183681038
652,02/19/18 6:45,16.237,163.68,2.182214496
653,02/19/18 7:00,16.332,163.78,2.183547716
654,02/19/18 7:15,16.332,163.62,2.181414564
655,02/19/18 7:30,16.332,163.62,2.181414564
656,02/19/18 7:45,16.332,163.55,2.18048131
657,02/19/18 8:00,16.332,163.53,2.180214666
658,02/19/18 8:15,16.427,163.57,2.180747954
659,02/19/18 8:30,16.332,163.64,2.181681208
660,02/19/18 8:45,16.332,163.52,2.180081344
661,02/19/18 9:00,16.237,163.47,2.179414734
662,02/19/18 9:15,16.237,163.48,2.179548056
663,02/19/18 9:30,16.237,163.59,2.181014598
664,02/19/18 9:45,16.237,163.46,2.179281412
665,02/19/18 10:00,16.237,163.15,2.17514843
666,02/19/18 10:15,16.332,163.31,2.177281582
667,02/19/18 10:30,16.237,163.01,2.173281922
668,02/19/18 10:45,16.332,163.06,2.173948532
669,02/19/18 11:00,16.332,163.24,2.176348328
670,02/19/18 11:15,16.332,163.11,2.174615142
671,02/19/18 11:30,16.427,162.89,2.171682058
672,02/19/18 11:45,16.332,162.73,2.169548906
673,02/19/18 12:00,16.237,163.12,2.174748464
674,02/19/18 12:15,16.237,163.18,2.175548396
675,02/19/18 12:30,16.237,163.31,2.177281582
676,02/19/18 12:45,16.332,162.72,2.169415584
677,02/19/18 13:00,16.427,162.81,2.170615482
678,02/19/18 13:15,16.332,162.61,2.167949042
679,02/19/18 13:30,16.332,162.77,2.170082194
680,02/19/18 13:45,16.237,162.48,2.166215856
681,02/19/18 14:00,16.332,162.64,2.168349008
682,02/19/18 14:15,16.332,162.71,2.169282262
683,02/19/18 14:30,16.332,162.88,2.171548736
684,02/19/18 14:45,16.332,162.6,2.16781572
685,02/19/18 15:00,16.332,162.72,2.169415584
686,02/19/18 15:15,16.332,162.7,2.16914894
687,02/19/18 15:30,16.332,162.73,2.169548906
688,02/19/18 15:45,16.332,162.51,2.166615822
689,02/19/18 16:00,16.332,162.63,2.168215686
690,02/19/18 16:15,16.427,162.54,2.167015788
691,02/19/18 16:30,16.332,162.31,2.163949382
692,02/19/18 16:45,16.427,162.45,2.16581589
693,02/19/18 17:00,16.332,162.44,2.165682568
694,02/19/18 17:15,16.332,162.62,2.168082364
695,02/19/18 17:30,16.332,162.68,2.168882296
696,02/19/18 17:45,16.332,162.74,2.169682228
697,02/19/18 18:00,16.427,162.9,2.17181538
698,02/19/18 18:15,16.427,163.16,2.175281752
699,02/19/18 18:30,16.332,163.33,2.177548226
700,02/19/18 18:45,16.332,163.04,2.173681888
701,02/19/18 19:00,16.332,163.11,2.174615142
702,02/19/18 19:15,16.332,163.12,2.174748464
703,02/19/18 19:30,16.332,163.25,2.17648165
704,02/19/18 19:45,16.427,163.18,2.175548396
705,02/19/18 20:00,16.427,163.06,2.173948532
706,02/19/18 20:15,16.427,163.26,2.176614972
707,02/19/18 20:30,16.427,163.26,2.176614972
708,02/19/18 20:45,16.332,163.31,2.177281582
709,02/19/18 21:00,16.332,163.32,2.177414904
710,02/19/18 21:15,16.332,163.34,2.177681548
711,02/19/18 21:30,16.332,163.36,2.177948192
712,02/19/18 21:45,16.427,163.43,2.178881446
713,02/19/18 22:00,16.427,163.4,2.17848148
714,02/19/18 22:15,16.427,163.41,2.178614802
715,02/19/18 22:30,16.427,163.44,2.179014768
716,02/19/18 22:45,16.427,163.47,2.179414734
717,02/19/18 23:00,16.427,163.61,2.181281242
718,02/19/18 23:15,16.427,163.62,2.181414564
719,02/19/18 23:30,16.332,163.36,2.177948192
720,02/19/18 23:45,16.332,163.4,2.17848148
721,02/20/18 0:00,16.332,163.42,2.178748124
722,02/20/18 0:15,16.332,163.4,2.17848148
723,02/20/18 0:30,16.332,163.49,2.179681378
724,02/20/18 0:45,16.427,163.43,2.178881446
725,02/20/18 1:00,16.427,163.38,2.178214836
726,02/20/18 1:15,16.427,163.38,2.178214836
727,02/20/18 1:30,16.427,163.62,2.181414564
728,02/20/18 1:45,16.427,163.57,2.180747954
729,02/20/18 2:00,16.427,163.65,2.18181453
730,02/20/18 2:15,16.427,163.55,2.18048131
731,02/20/18 2:30,16.427,163.45,2.17914809
732,02/20/18 2:45,16.427,163.24,2.176348328
733,02/20/18 3:00,16.427,163.36,2.177948192
734,02/20/18 3:15,16.427,163.27,2.176748294
735,02/20/18 3:30,16.427,163.49,2.179681378
736,02/20/18 3:45,16.427,163.53,2.180214666
737,02/20/18 4:00,16.427,163.55,2.18048131
738,02/20/18 4:15,16.427,163.72,2.182747784
739,02/20/18 4:30,16.427,163.61,2.181281242
740,02/20/18 4:45,16.427,163.64,2.181681208
741,02/20/18 5:00,16.427,163.6,2.18114792
742,02/20/18 5:15,16.332,163.57,2.180747954
743,02/20/18 5:30,16.332,163.59,2.181014598
744,02/20/18 5:45,16.332,163.59,2.181014598
745,02/20/18 6:00,16.427,163.6,2.18114792
746,02/20/18 6:15,16.427,163.6,2.18114792
747,02/20/18 6:30,16.427,163.64,2.181681208
748,02/20/18 6:45,16.427,163.77,2.183414394
749,02/20/18 7:00,16.427,163.49,2.179681378
750,02/20/18 7:15,16.427,163.47,2.179414734
751,02/20/18 7:30,16.427,163.21,2.175948362
752,02/20/18 7:45,16.427,163.33,2.177548226
753,02/20/18 8:00,16.427,163.24,2.176348328
754,02/20/18 8:15,16.427,163.08,2.174215176
755,02/20/18 8:30,16.427,163.23,2.176215006
756,02/20/18 8:45,16.427,163.09,2.174348498
757,02/20/18 9:00,16.427,162.97,2.172748634
758,02/20/18 9:15,16.427,162.9,2.17181538
759,02/20/18 9:30,16.332,162.85,2.17114877
760,02/20/18 9:45,16.427,162.63,2.168215686
761,02/20/18 10:00,16.427,162.76,2.169948872
762,02/20/18 10:15,16.427,162.75,2.16981555
763,02/20/18 10:30,16.427,162.74,2.169682228
764,02/20/18 10:45,16.427,162.8,2.17048216
765,02/20/18 11:00,16.427,162.74,2.169682228
766,02/20/18 11:15,16.332,162.69,2.169015618
767,02/20/18 11:30,16.332,162.69,2.169015618
768,02/20/18 11:45,16.332,162.52,2.166749144
769,02/20/18 12:00,16.427,162.55,2.16714911
770,02/20/18 12:15,16.427,162.66,2.168615652
771,02/20/18 12:30,16.427,162.41,2.165282602
772,02/20/18 12:45,16.523,162.57,2.167415754
773,02/20/18 13:00,16.427,162.39,2.165015958
774,02/20/18 13:15,16.427,162.51,2.166615822
775,02/20/18 13:30,16.427,162.51,2.166615822
776,02/20/18 13:45,16.332,162.18,2.162216196
777,02/20/18 14:00,16.427,162.34,2.164349348
778,02/20/18 14:15,16.427,162.44,2.165682568
779,02/20/18 14:30,16.427,162.38,2.164882636
780,02/20/18 14:45,16.427,162.38,2.164882636
781,02/20/18 15:00,16.427,162.41,2.165282602
782,02/20/18 15:15,16.427,162.18,2.162216196
783,02/20/18 15:30,16.523,162.2,2.16248284
784,02/20/18 15:45,16.427,162.3,2.16381606
785,02/20/18 16:00,16.427,161.99,2.159683078
786,02/20/18 16:15,16.427,161.99,2.159683078
787,02/20/18 16:30,16.427,162.02,2.160083044
788,02/20/18 16:45,16.427,161.9,2.15848318
789,02/20/18 17:00,16.427,161.59,2.154350198
790,02/20/18 17:15,16.427,162.2,2.16248284
791,02/20/18 17:30,16.427,162.55,2.16714911
792,02/20/18 17:45,16.427,162.67,2.168748974
793,02/20/18 18:00,16.427,162.71,2.169282262
794,02/20/18 18:15,16.427,162.85,2.17114877
795,02/20/18 18:30,16.427,162.91,2.171948702
796,02/20/18 18:45,16.427,162.85,2.17114877
797,02/20/18 19:00,16.427,162.86,2.171282092
798,02/20/18 19:15,16.427,162.83,2.170882126
799,02/20/18 19:30,16.427,162.8,2.17048216
800,02/20/18 19:45,16.427,163.06,2.173948532
801,02/20/18 20:00,16.427,162.94,2.172348668
802,02/20/18 20:15,16.427,162.87,2.171415414
803,02/20/18 20:30,16.427,162.93,2.172215346
804,02/20/18 20:45,16.427,162.99,2.173015278
805,02/20/18 21:00,16.427,162.99,2.173015278
806,02/20/18 21:15,16.427,163.03,2.173548566
807,02/20/18 21:30,16.427,162.86,2.171282092
808,02/20/18 21:45,16.427,163.04,2.173681888
809,02/20/18 22:00,16.427,163.12,2.174748464
810,02/20/18 22:15,16.427,163.01,2.173281922
811,02/20/18 22:30,16.427,163.07,2.174081854
812,02/20/18 22:45,16.523,163.15,2.17514843
813,02/20/18 23:00,16.523,163.13,2.174881786
814,02/20/18 23:15,16.523,163.07,2.174081854
815,02/20/18 23:30,16.427,163.04,2.173681888
816,02/20/18 23:45,16.332,163.1,2.17448182
817,02/21/18 0:00,16.427,163.01,2.173281922
818,02/21/18 0:15,16.427,163.06,2.173948532
819,02/21/18 0:30,16.523,163.04,2.173681888
820,02/21/18 0:45,16.523,162.85,2.17114877
821,02/21/18 1:00,16.523,162.85,2.17114877
822,02/21/18 1:15,16.427,162.86,2.171282092
823,02/21/18 1:30,16.427,162.92,2.172082024
824,02/21/18 1:45,16.427,162.92,2.172082024
825,02/21/18 2:00,16.427,163.01,2.173281922
826,02/21/18 2:15,16.427,163.01,2.173281922
827,02/21/18 2:30,16.427,162.92,2.172082024
828,02/21/18 2:45,16.427,163,2.1731486
829,02/21/18 3:00,16.427,163.07,2.174081854
830,02/21/18 3:15,16.427,162.98,2.172881956
831,02/21/18 3:30,16.427,163.27,2.176748294
832,02/21/18 3:45,16.427,163.24,2.176348328
833,02/21/18 4:00,16.523,163.24,2.176348328
834,02/21/18 4:15,16.523,163.14,2.175015108
835,02/21/18 4:30,16.523,163.36,2.177948192
836,02/21/18 4:45,16.523,163.07,2.174081854
837,02/21/18 5:00,16.523,163.2,2.17581504
838,02/21/18 5:15,16.427,163.36,2.177948192
839,02/21/18 5:30,16.427,163.16,2.175281752
840,02/21/18 5:45,16.427,163.12,2.174748464
841,02/21/18 6:00,16.427,163.18,2.175548396
842,02/21/18 6:15,16.427,163.25,2.17648165
843,02/21/18 6:30,16.427,163.29,2.177014938
844,02/21/18 6:45,16.427,163.15,2.17514843
845,02/21/18 7:00,16.427,163.22,2.176081684
846,02/21/18 7:15,16.523,163.34,2.177681548
847,02/21/18 7:30,16.523,163.29,2.177014938
848,02/21/18 7:45,16.523,163.11,2.174615142
849,02/21/18 8:00,16.523,163.28,2.176881616
850,02/21/18 8:15,16.523,163.12,2.174748464
851,02/21/18 8:30,16.523,163.16,2.175281752
852,02/21/18 8:45,16.523,162.95,2.17248199
853,02/21/18 9:00,16.427,162.9,2.17181538
854,02/21/18 9:15,16.427,162.88,2.171548736
855,02/21/18 9:30,16.427,162.81,2.170615482
856,02/21/18 9:45,16.427,162.52,2.166749144
857,02/21/18 10:00,16.427,162.69,2.169015618
858,02/21/18 10:15,16.427,162.58,2.167549076
859,02/21/18 10:30,16.427,162.64,2.168349008
860,02/21/18 10:45,16.427,162.46,2.165949212
861,02/21/18 11:00,16.523,162.66,2.168615652
862,02/21/18 11:15,16.523,162.37,2.164749314
863,02/21/18 11:30,16.523,162.44,2.165682568
864,02/21/18 11:45,16.427,162.28,2.163549416
865,02/21/18 12:00,16.332,162.23,2.162882806
866,02/21/18 12:15,16.332,162.02,2.160083044
867,02/21/18 12:30,16.332,161.89,2.158349858
868,02/21/18 12:45,16.523,162.21,2.162616162
869,02/21/18 13:00,16.618,161.9,2.15848318
870,02/21/18 13:15,16.713,161.93,2.158883146
871,02/21/18 13:30,16.523,161.79,2.157016638
872,02/21/18 13:45,16.427,161.87,2.158083214
873,02/21/18 14:00,16.427,161.63,2.154883486
874,02/21/18 14:15,16.427,161.79,2.157016638
875,02/21/18 14:30,16.427,161.6,2.15448352
876,02/21/18 14:45,16.523,161.59,2.154350198
877,02/21/18 15:00,16.427,161.7,2.15581674
878,02/21/18 15:15,16.427,161.66,2.155283452
879,02/21/18 15:30,16.427,161.5,2.1531503
880,02/21/18 15:45,16.523,161.48,2.152883656
881,02/21/18 16:00,16.523,161.6,2.15448352
882,02/21/18 16:15,16.427,161.79,2.157016638
883,02/21/18 16:30,16.523,161.71,2.155950062
884,02/21/18 16:45,16.523,161.71,2.155950062
885,02/21/18 17:00,16.523,161.75,2.15648335
886,02/21/18 17:15,16.523,161.79,2.157016638
887,02/21/18 17:30,16.523,162.04,2.160349688
888,02/21/18 17:45,16.523,162.16,2.161949552
889,02/21/18 18:00,16.427,162.23,2.162882806
890,02/21/18 18:15,16.427,162.28,2.163549416
891,02/21/18 18:30,16.523,162.32,2.164082704
892,02/21/18 18:45,16.523,162.32,2.164082704
893,02/21/18 19:00,16.523,162.32,2.164082704
894,02/21/18 19:15,16.427,162.35,2.16448267
895,02/21/18 19:30,16.427,162.29,2.163682738
896,02/21/18 19:45,16.523,162.2,2.16248284
897,02/21/18 20:00,16.523,162.34,2.164349348
898,02/21/18 20:15,16.523,162.35,2.16448267
899,02/21/18 20:30,16.523,162.48,2.166215856
900,02/21/18 20:45,16.523,162.43,2.165549246
901,02/21/18 21:00,16.523,162.57,2.167415754
902,02/21/18 21:15,16.523,162.65,2.16848233
903,02/21/18 21:30,16.523,162.74,2.169682228
904,02/21/18 21:45,16.523,162.75,2.16981555
905,02/21/18 22:00,16.523,162.65,2.16848233
906,02/21/18 22:15,16.523,162.74,2.169682228
907,02/21/18 22:30,16.523,162.77,2.170082194
908,02/21/18 22:45,16.523,162.85,2.17114877
909,02/21/18 23:00,16.523,162.78,2.170215516
910,02/21/18 23:15,16.523,162.71,2.169282262
911,02/21/18 23:30,16.523,162.65,2.16848233
912,02/21/18 23:45,16.523,162.78,2.170215516
913,02/22/18 0:00,16.523,162.74,2.169682228
914,02/22/18 0:15,16.523,162.75,2.16981555
915,02/22/18 0:30,16.523,162.79,2.170348838
916,02/22/18 0:45,16.523,162.87,2.171415414
917,02/22/18 1:00,16.523,162.73,2.169548906
918,02/22/18 1:15,16.523,162.76,2.169948872
919,02/22/18 1:30,16.523,162.88,2.171548736
920,02/22/18 1:45,16.523,162.95,2.17248199
921,02/22/18 2:00,16.523,162.9,2.17181538
922,02/22/18 2:15,16.523,163.04,2.173681888
923,02/22/18 2:30,16.523,162.78,2.170215516
924,02/22/18 2:45,16.523,162.94,2.172348668
925,02/22/18 3:00,16.523,163,2.1731486
926,02/22/18 3:15,16.523,163.08,2.174215176
927,02/22/18 3:30,16.523,163.15,2.17514843
928,02/22/18 3:45,16.523,163.02,2.173415244
929,02/22/18 4:00,16.523,163.1,2.17448182
930,02/22/18 4:15,16.523,163.01,2.173281922
931,02/22/18 4:30,16.523,163.17,2.175415074
932,02/22/18 4:45,16.523,163.08,2.174215176
933,02/22/18 5:00,16.523,163.08,2.174215176
934,02/22/18 5:15,16.523,163.24,2.176348328
935,02/22/18 5:30,16.523,163.12,2.174748464
936,02/22/18 5:45,16.523,163.2,2.17581504
937,02/22/18 6:00,16.523,163.28,2.176881616
938,02/22/18 6:15,16.523,163.12,2.174748464
939,02/22/18 6:30,16.523,163.2,2.17581504
940,02/22/18 6:45,16.523,163.09,2.174348498
941,02/22/18 7:00,16.523,163.05,2.17381521
942,02/22/18 7:15,16.523,163.12,2.174748464
943,02/22/18 7:30,16.523,163.09,2.174348498
944,02/22/18 7:45,16.523,162.98,2.172881956
945,02/22/18 8:00,16.523,162.85,2.17114877
946,02/22/18 8:15,16.523,163.08,2.174215176
947,02/22/18 8:30,16.523,162.77,2.170082194
948,02/22/18 8:45,16.523,162.57,2.167415754
949,02/22/18 9:00,16.523,162.49,2.166349178
950,02/22/18 9:15,16.523,162.5,2.1664825
951,02/22/18 9:30,16.523,162.36,2.164615992
952,02/22/18 9:45,16.523,162.06,2.160616332
953,02/22/18 10:00,16.523,162.14,2.161682908
954,02/22/18 10:15,16.523,162.06,2.160616332
955,02/22/18 10:30,16.523,162.12,2.161416264
956,02/22/18 10:45,16.523,162.06,2.160616332
957,02/22/18 11:00,16.523,162.17,2.162082874
958,02/22/18 11:15,16.523,161.93,2.158883146
959,02/22/18 11:30,16.523,161.94,2.159016468
960,02/22/18 11:45,16.523,161.88,2.158216536
961,02/22/18 12:00,16.523,162.06,2.160616332
962,02/22/18 12:15,16.618,161.97,2.159416434
963,02/22/18 12:30,16.523,161.78,2.156883316
964,02/22/18 12:45,16.618,161.42,2.152083724
965,02/22/18 13:00,16.523,161.72,2.156083384
966,02/22/18 13:15,16.427,161.73,2.156216706
967,02/22/18 13:30,16.523,161.88,2.158216536
968,02/22/18 13:45,16.523,161.82,2.157416604
969,02/22/18 14:00,16.523,161.88,2.158216536
970,02/22/18 14:15,16.523,162.11,2.161282942
971,02/22/18 14:30,16.523,161.63,2.154883486
972,02/22/18 14:45,16.618,161.71,2.155950062
973,02/22/18 15:00,16.523,161.6,2.15448352
974,02/22/18 15:15,16.523,161.62,2.154750164
975,02/22/18 15:30,16.523,161.62,2.154750164
976,02/22/18 15:45,16.618,161.6,2.15448352
977,02/22/18 16:00,16.523,161.31,2.150617182
978,02/22/18 16:15,16.523,161.41,2.151950402
979,02/22/18 16:30,16.523,161.43,2.152217046
980,02/22/18 16:45,16.523,161.36,2.151283792
981,02/22/18 17:00,16.523,161.72,2.156083384
982,02/22/18 17:15,16.523,161.68,2.155550096
983,02/22/18 17:30,16.618,161.81,2.157283282
984,02/22/18 17:45,16.618,162.11,2.161282942
985,02/22/18 18:00,16.523,162.08,2.160882976
986,02/22/18 18:15,16.523,161.91,2.158616502
987,02/22/18 18:30,16.523,161.98,2.159549756
988,02/22/18 18:45,16.523,162.11,2.161282942
989,02/22/18 19:00,16.523,161.93,2.158883146
990,02/22/18 19:15,16.523,162,2.1598164
991,02/22/18 19:30,16.618,162.17,2.162082874
992,02/22/18 19:45,16.618,161.92,2.158749824
993,02/22/18 20:00,16.618,161.99,2.159683078
994,02/22/18 20:15,16.523,162.16,2.161949552
995,02/22/18 20:30,16.523,162.16,2.161949552
996,02/22/18 20:45,16.618,162.14,2.161682908
997,02/22/18 21:00,16.523,162.04,2.160349688
998,02/22/18 21:15,16.523,162.16,2.161949552
999,02/22/18 21:30,16.523,162.23,2.162882806
1000,02/22/18 21:45,16.523,162.11,2.161282942
1001,02/22/18 22:00,16.523,162.1,2.16114962
1002,02/22/18 22:15,16.523,162.16,2.161949552
1003,02/22/18 22:30,16.523,161.98,2.159549756
1004,02/22/18 22:45,16.618,161.95,2.15914979
1005,02/22/18 23:00,16.618,161.95,2.15914979
1006,02/22/18 23:15,16.618,162.07,2.160749654
1007,02/22/18 23:30,16.618,162.27,2.163416094
1008,02/22/18 23:45,16.523,162.16,2.161949552
1009,02/23/18 0:00,16.523,162.1,2.16114962
1010,02/23/18 0:15,16.523,162.1,2.16114962
1011,02/23/18 0:30,16.523,162.17,2.162082874
1012,02/23/18 0:45,16.618,162.34,2.164349348
1013,02/23/18 1:00,16.618,162.22,2.162749484
1014,02/23/18 1:15,16.523,162.13,2.161549586
1015,02/23/18 1:30,16.523,162.08,2.160882976
1016,02/23/18 1:45,16.523,162.39,2.165015958
1017,02/23/18 2:00,16.618,162.19,2.162349518
1018,02/23/18 2:15,16.618,162.14,2.161682908
1019,02/23/18 2:30,16.618,162.28,2.163549416
1020,02/23/18 2:45,16.523,162.38,2.164882636
1021,02/23/18 3:00,16.523,162.14,2.161682908
1022,02/23/18 3:15,16.523,162.33,2.164216026
1023,02/23/18 3:30,16.618,162.38,2.164882636
1024,02/23/18 3:45,16.618,162.25,2.16314945
1025,02/23/18 4:00,16.618,162.32,2.164082704
1026,02/23/18 4:15,16.523,162.29,2.163682738
1027,02/23/18 4:30,16.618,162.46,2.165949212
1028,02/23/18 4:45,16.618,162.34,2.164349348
1029,02/23/18 5:00,16.618,162.42,2.165415924
1030,02/23/18 5:15,16.618,162.37,2.164749314
1031,02/23/18 5:30,16.618,162.43,2.165549246
1032,02/23/18 5:45,16.618,162.45,2.16581589
1033,02/23/18 6:00,16.618,162.33,2.164216026
1034,02/23/18 6:15,16.618,162.47,2.166082534
1035,02/23/18 6:30,16.618,162.55,2.16714911
1036,02/23/18 6:45,16.618,162.41,2.165282602
1037,02/23/18 7:00,16.618,162.47,2.166082534
1038,02/23/18 7:15,16.618,162.46,2.165949212
1039,02/23/18 7:30,16.618,162.44,2.165682568
1040,02/23/18 7:45,16.618,162.43,2.165549246
1041,02/23/18 8:00,16.618,162.23,2.162882806
1042,02/23/18 8:15,16.618,162.51,2.166615822
1043,02/23/18 8:30,16.618,162.45,2.16581589
1044,02/23/18 8:45,16.618,162.36,2.164615992
1045,02/23/18 9:00,16.618,162.46,2.165949212
1046,02/23/18 9:15,16.618,162.53,2.166882466
1047,02/23/18 9:30,16.618,162.29,2.163682738
1048,02/23/18 9:45,16.523,162.03,2.160216366
1049,02/23/18 10:00,16.523,161.9,2.15848318
1050,02/23/18 10:15,16.618,161.87,2.158083214
1051,02/23/18 10:30,16.618,161.99,2.159683078
1052,02/23/18 10:45,16.618,162.11,2.161282942
1053,02/23/18 11:00,16.618,162.03,2.160216366
1054,02/23/18 11:15,16.618,161.84,2.157683248
1055,02/23/18 11:30,16.618,161.66,2.155283452
1056,02/23/18 11:45,16.618,161.83,2.157549926
1057,02/23/18 12:00,16.523,161.61,2.154616842
1058,02/23/18 12:15,16.523,161.61,2.154616842
1059,02/23/18 12:30,16.618,161.7,2.15581674
1060,02/23/18 12:45,16.618,161.88,2.158216536
1061,02/23/18 13:00,16.713,161.67,2.155416774
1062,02/23/18 13:15,16.713,161.82,2.157416604
1063,02/23/18 13:30,16.713,161.61,2.154616842
1064,02/23/18 13:45,16.618,161.8,2.15714996
1065,02/23/18 14:00,16.523,161.59,2.154350198
1066,02/23/18 14:15,16.523,161.8,2.15714996
1067,02/23/18 14:30,16.523,161.77,2.156749994
1068,02/23/18 14:45,16.523,161.89,2.158349858
1069,02/23/18 15:00,16.618,161.96,2.159283112
1070,02/23/18 15:15,16.618,161.48,2.152883656
1071,02/23/18 15:30,16.713,161.3,2.15048386
1072,02/23/18 15:45,16.713,161.32,2.150750504
1073,02/23/18 16:00,16.618,161.43,2.152217046
1074,02/23/18 16:15,16.618,161.48,2.152883656
1075,02/23/18 16:30,16.523,161.41,2.151950402
1076,02/23/18 16:45,16.523,161.22,2.149417284
1077,02/23/18 17:00,16.618,161.03,2.146884166
1078,02/23/18 17:15,16.618,161.34,2.151017148
1079,02/23/18 17:30,16.713,161.99,2.159683078
1080,02/23/18 17:45,16.713,161.97,2.159416434
1081,02/23/18 18:00,16.713,162,2.1598164
1082,02/23/18 18:15,16.713,161.94,2.159016468
1083,02/23/18 18:30,16.618,162.14,2.161682908
1084,02/23/18 18:45,16.618,162.14,2.161682908
1085,02/23/18 19:00,16.618,161.61,2.154616842
1086,02/23/18 19:15,16.618,161.92,2.158749824
1087,02/23/18 19:30,16.618,161.99,2.159683078
1088,02/23/18 19:45,16.618,161.93,2.158883146
1089,02/23/18 20:00,16.618,161.88,2.158216536
1090,02/23/18 20:15,16.618,161.97,2.159416434
1091,02/23/18 20:30,16.618,161.97,2.159416434
1092,02/23/18 20:45,16.618,162.12,2.161416264
1093,02/23/18 21:00,16.618,161.96,2.159283112
1094,02/23/18 21:15,16.618,162.06,2.160616332
1095,02/23/18 21:30,16.618,162.17,2.162082874
1096,02/23/18 21:45,16.618,162.19,2.162349518
1097,02/23/18 22:00,16.618,161.88,2.158216536
1098,02/23/18 22:15,16.618,162.11,2.161282942
1099,02/23/18 22:30,16.618,162.11,2.161282942
1100,02/23/18 22:45,16.713,162.29,2.163682738
1101,02/23/18 23:00,16.618,162.15,2.16181623
1102,02/23/18 23:15,16.618,162.21,2.162616162
1103,02/23/18 23:30,16.618,162.17,2.162082874
1104,02/23/18 23:45,16.618,162.26,2.163282772
1105,02/24/18 0:00,16.618,162.42,2.165415924
1106,02/24/18 0:15,16.618,162.36,2.164615992
1107,02/24/18 0:30,16.618,162.32,2.164082704
1108,02/24/18 0:45,16.618,162.37,2.164749314
1109,02/24/18 1:00,16.618,162.27,2.163416094
1110,02/24/18 1:15,16.618,162.49,2.166349178
1111,02/24/18 1:30,16.618,162.48,2.166215856
1112,02/24/18 1:45,16.618,162.43,2.165549246
1113,02/24/18 2:00,16.618,162.28,2.163549416
1114,02/24/18 2:15,16.618,162.43,2.165549246
1115,02/24/18 2:30,16.618,162.34,2.164349348
1116,02/24/18 2:45,16.618,162.28,2.163549416
1117,02/24/18 3:00,16.618,162.31,2.163949382
1118,02/24/18 3:15,16.618,162.56,2.167282432
1119,02/24/18 3:30,16.618,162.51,2.166615822
1120,02/24/18 3:45,16.618,162.39,2.165015958
1121,02/24/18 4:00,16.618,162.54,2.167015788
1122,02/24/18 4:15,16.618,162.52,2.166749144
1123,02/24/18 4:30,16.618,162.59,2.167682398
1124,02/24/18 4:45,16.618,162.55,2.16714911
1125,02/24/18 5:00,16.618,162.47,2.166082534
1126,02/24/18 5:15,16.618,162.43,2.165549246
1127,02/24/18 5:30,16.618,162.65,2.16848233
1128,02/24/18 5:45,16.618,162.36,2.164615992
1129,02/24/18 6:00,16.618,162.8,2.17048216
1130,02/24/18 6:15,16.618,162.57,2.167415754
1131,02/24/18 6:30,16.618,162.69,2.169015618
1132,02/24/18 6:45,16.618,162.66,2.168615652
1133,02/24/18 7:00,16.618,162.66,2.168615652
1134,02/24/18 7:15,16.618,162.58,2.167549076
1135,02/24/18 7:30,16.618,162.59,2.167682398
1136,02/24/18 7:45,16.618,162.47,2.166082534
1137,02/24/18 8:00,16.618,162.44,2.165682568
1138,02/24/18 8:15,16.618,162.6,2.16781572
1139,02/24/18 8:30,16.618,162.21,2.162616162
1140,02/24/18 8:45,16.618,162.07,2.160749654
1141,02/24/18 9:00,16.618,161.95,2.15914979
1142,02/24/18 9:15,16.618,161.89,2.158349858
1143,02/24/18 9:30,16.618,161.82,2.157416604
1144,02/24/18 9:45,16.618,161.45,2.15248369
1145,02/24/18 10:00,16.618,161.67,2.155416774
1146,02/24/18 10:15,16.618,161.79,2.157016638
1147,02/24/18 10:30,16.618,161.72,2.156083384
1148,02/24/18 10:45,16.618,161.72,2.156083384
1149,02/24/18 11:00,16.713,161.7,2.15581674
1150,02/24/18 11:15,16.713,161.45,2.15248369
1151,02/24/18 11:30,16.713,161.44,2.152350368
1152,02/24/18 11:45,16.618,161.15,2.14848403
1153,02/24/18 12:00,16.618,161.32,2.150750504
1154,02/24/18 12:15,16.618,161.36,2.151283792
1155,02/24/18 12:30,16.618,161.29,2.150350538
1156,02/24/18 12:45,16.713,161.21,2.149283962
1157,02/24/18 13:00,16.713,161.25,2.14981725
1158,02/24/18 13:15,16.713,161.06,2.147284132
1159,02/24/18 13:30,16.713,161.2,2.14915064
1160,02/24/18 13:45,16.713,161.22,2.149417284
1161,02/24/18 14:00,16.618,161.22,2.149417284
1162,02/24/18 14:15,16.618,161.34,2.151017148
1163,02/24/18 14:30,16.618,161.15,2.14848403
1164,02/24/18 14:45,16.713,161.2,2.14915064
1165,02/24/18 15:00,16.713,161.03,2.146884166
1166,02/24/18 15:15,16.713,161.06,2.147284132
1167,02/24/18 15:30,16.713,160.78,2.143551116
1168,02/24/18 15:45,16.713,160.74,2.143017828
1169,02/24/18 16:00,16.713,160.72,2.142751184
1170,02/24/18 16:15,16.713,160.89,2.145017658
1171,02/24/18 16:30,16.713,160.48,2.139551456
1172,02/24/18 16:45,16.713,160.79,2.143684438
1173,02/24/18 17:00,16.618,160.97,2.146084234
1174,02/24/18 17:15,16.618,160.94,2.145684268
1175,02/24/18 17:30,16.713,160.62,2.141417964
1176,02/24/18 17:45,16.618,161.06,2.147284132
1177,02/24/18 18:00,16.618,161.11,2.147950742
1178,02/24/18 18:15,16.618,161.34,2.151017148
1179,02/24/18 18:30,16.618,161.4,2.15181708
1180,02/24/18 18:45,16.618,161.46,2.152617012
1181,02/24/18 19:00,16.713,161.38,2.151550436
1182,02/24/18 19:15,16.713,161.69,2.155683418
1183,02/24/18 19:30,16.713,161.52,2.153416944
1184,02/24/18 19:45,16.713,161.73,2.156216706
1185,02/24/18 20:00,16.713,161.54,2.153683588
1186,02/24/18 20:15,16.713,161.66,2.155283452
1187,02/24/18 20:30,16.713,161.52,2.153416944
1188,02/24/18 20:45,16.713,161.47,2.152750334
1189,02/24/18 21:00,16.713,161.53,2.153550266
1190,02/24/18 21:15,16.618,161.48,2.152883656
1191,02/24/18 21:30,16.618,161.49,2.153016978
1192,02/24/18 21:45,16.618,161.48,2.152883656
1193,02/24/18 22:00,16.618,161.53,2.153550266
1194,02/24/18 22:15,16.618,161.42,2.152083724
1195,02/24/18 22:30,16.618,161.66,2.155283452
1196,02/24/18 22:45,16.713,161.5,2.1531503
1197,02/24/18 23:00,16.713,161.51,2.153283622
1198,02/24/18 23:15,16.713,161.62,2.154750164
1199,02/24/18 23:30,16.713,161.56,2.153950232
1200,02/24/18 23:45,16.713,161.62,2.154750164
1201,02/25/18 0:00,16.713,161.69,2.155683418
1202,02/25/18 0:15,16.713,161.75,2.15648335
1203,02/25/18 0:30,16.713,161.8,2.15714996
1204,02/25/18 0:45,16.713,161.78,2.156883316
1205,02/25/18 1:00,16.713,161.6,2.15448352
1206,02/25/18 1:15,16.713,161.6,2.15448352
1207,02/25/18 1:30,16.618,161.63,2.154883486
1208,02/25/18 1:45,16.618,161.51,2.153283622
1209,02/25/18 2:00,16.618,161.44,2.152350368
1210,02/25/18 2:15,16.713,161.75,2.15648335
1211,02/25/18 2:30,16.713,161.64,2.155016808
1212,02/25/18 2:45,16.713,161.62,2.154750164
1213,02/25/18 3:00,16.713,162,2.1598164
1214,02/25/18 3:15,16.713,161.96,2.159283112
1215,02/25/18 3:30,16.713,161.93,2.158883146
1216,02/25/18 3:45,16.713,161.95,2.15914979
1217,02/25/18 4:00,16.713,161.75,2.15648335
1218,02/25/18 4:15,16.618,161.99,2.159683078
1219,02/25/18 4:30,16.618,162.06,2.160616332
1220,02/25/18 4:45,16.618,162.02,2.160083044
1221,02/25/18 5:00,16.713,161.96,2.159283112
1222,02/25/18 5:15,16.713,161.91,2.158616502
1223,02/25/18 5:30,16.713,161.94,2.159016468
1224,02/25/18 5:45,16.713,161.99,2.159683078
1225,02/25/18 6:00,16.713,162.1,2.16114962
1226,02/25/18 6:15,16.713,161.93,2.158883146
1227,02/25/18 6:30,16.713,162.09,2.161016298
1228,02/25/18 6:45,16.713,162.13,2.161549586
1229,02/25/18 7:00,16.713,162.01,2.159949722
1230,02/25/18 7:15,16.618,161.99,2.159683078
1231,02/25/18 7:30,16.713,162.01,2.159949722
1232,02/25/18 7:45,16.713,162.04,2.160349688
1233,02/25/18 8:00,16.713,161.87,2.158083214
1234,02/25/18 8:15,16.713,161.89,2.158349858
1235,02/25/18 8:30,16.713,161.79,2.157016638
1236,02/25/18 8:45,16.713,161.69,2.155683418
1237,02/25/18 9:00,16.713,161.38,2.151550436
1238,02/25/18 9:15,16.713,161.4,2.15181708
1239,02/25/18 9:30,16.713,161.34,2.151017148
1240,02/25/18 9:45,16.713,161.41,2.151950402
1241,02/25/18 10:00,16.713,161.34,2.151017148
1242,02/25/18 10:15,16.618,161.3,2.15048386
1243,02/25/18 10:30,16.713,161.34,2.151017148
1244,02/25/18 10:45,16.713,161.4,2.15181708
1245,02/25/18 11:00,16.713,161.45,2.15248369
1246,02/25/18 11:15,16.713,161.22,2.149417284
1247,02/25/18 11:30,16.713,161.02,2.146750844
1248,02/25/18 11:45,16.713,161.14,2.148350708
1249,02/25/18 12:00,16.713,161.2,2.14915064
1250,02/25/18 12:15,16.713,161.15,2.14848403
1251,02/25/18 12:30,16.713,161.01,2.146617522
1252,02/25/18 12:45,16.713,160.89,2.145017658
1253,02/25/18 13:00,16.713,160.82,2.144084404
1254,02/25/18 13:15,16.713,160.83,2.144217726
1255,02/25/18 13:30,16.713,161.07,2.147417454
1256,02/25/18 13:45,16.713,161.05,2.14715081
1257,02/25/18 14:00,16.713,160.83,2.144217726
1258,02/25/18 14:15,16.713,160.95,2.14581759
1259,02/25/18 14:30,16.713,161.06,2.147284132
1260,02/25/18 14:45,16.713,161.14,2.148350708
1261,02/25/18 15:00,16.713,160.86,2.144617692
1262,02/25/18 15:15,16.713,160.88,2.144884336
1263,02/25/18 15:30,16.713,160.73,2.142884506
1264,02/25/18 15:45,16.713,160.69,2.142351218
1265,02/25/18 16:00,16.713,160.76,2.143284472
1266,02/25/18 16:15,16.713,160.43,2.138884846
1267,02/25/18 16:30,16.713,160.43,2.138884846
1268,02/25/18 16:45,16.713,160.4,2.13848488
1269,02/25/18 17:00,16.713,160.18,2.135551796
1270,02/25/18 17:15,16.713,160.41,2.138618202
1271,02/25/18 17:30,16.713,161.09,2.147684098
1272,02/25/18 17:45,16.713,161.08,2.147550776
1273,02/25/18 18:00,16.713,161.13,2.148217386
1274,02/25/18 18:15,16.713,161.08,2.147550776
1275,02/25/18 18:30,16.713,161.22,2.149417284
1276,02/25/18 18:45,16.713,161.15,2.14848403
1277,02/25/18 19:00,16.713,161.26,2.149950572
1278,02/25/18 19:15,16.713,161.31,2.150617182
1279,02/25/18 19:30,16.713,161.06,2.147284132
1280,02/25/18 19:45,16.713,161.29,2.150350538
1281,02/25/18 20:00,16.713,161.3,2.15048386
1282,02/25/18 20:15,16.713,161.36,2.151283792
1283,02/25/18 20:30,16.713,161.42,2.152083724
1284,02/25/18 20:45,16.713,161.47,2.152750334
1285,02/25/18 21:00,16.713,161.28,2.150217216
1286,02/25/18 21:15,16.713,161.29,2.150350538
1287,02/25/18 21:30,16.713,161.35,2.15115047
1288,02/25/18 21:45,16.713,161.36,2.151283792
1289,02/25/18 22:00,16.713,161.37,2.151417114
1290,02/25/18 22:15,16.713,161.36,2.151283792
1291,02/25/18 22:30,16.713,161.31,2.150617182
1292,02/25/18 22:45,16.713,161.49,2.153016978
1293,02/25/18 23:00,16.713,161.44,2.152350368
1294,02/25/18 23:15,16.713,161.45,2.15248369
1295,02/25/18 23:30,16.713,161.4,2.15181708
1296,02/25/18 23:45,16.713,161.47,2.152750334
1297,02/26/18 0:00,16.713,161.6,2.15448352
1298,02/26/18 0:15,16.713,161.55,2.15381691
1299,02/26/18 0:30,16.713,161.43,2.152217046
1300,02/26/18 0:45,16.713,161.43,2.152217046
1301,02/26/18 1:00,16.713,161.55,2.15381691
1302,02/26/18 1:15,16.713,161.44,2.152350368
1303,02/26/18 1:30,16.713,161.55,2.15381691
1304,02/26/18 1:45,16.713,161.49,2.153016978
1305,02/26/18 2:00,16.713,161.44,2.152350368
1306,02/26/18 2:15,16.713,161.57,2.154083554
1307,02/26/18 2:30,16.713,161.57,2.154083554
1308,02/26/18 2:45,16.713,161.77,2.156749994
1309,02/26/18 3:00,16.713,161.4,2.15181708
1310,02/26/18 3:15,16.713,161.57,2.154083554
1311,02/26/18 3:30,16.713,161.45,2.15248369
1312,02/26/18 3:45,16.713,161.51,2.153283622
1313,02/26/18 4:00,16.713,161.7,2.15581674
1314,02/26/18 4:15,16.713,161.55,2.15381691
1315,02/26/18 4:30,16.713,161.86,2.157949892
1316,02/26/18 4:45,16.713,161.57,2.154083554
1317,02/26/18 5:00,16.713,161.76,2.156616672
1318,02/26/18 5:15,16.713,161.64,2.155016808
1319,02/26/18 5:30,16.713,161.58,2.154216876
1320,02/26/18 5:45,16.713,161.56,2.153950232
1321,02/26/18 6:00,16.713,161.58,2.154216876
1322,02/26/18 6:15,16.713,161.6,2.15448352
1323,02/26/18 6:30,16.713,161.78,2.156883316
1324,02/26/18 6:45,16.713,161.47,2.152750334
1325,02/26/18 7:00,16.713,161.48,2.152883656
1326,02/26/18 7:15,16.713,161.64,2.155016808
1327,02/26/18 7:30,16.713,161.43,2.152217046
1328,02/26/18 7:45,16.713,161.5,2.1531503
1329,02/26/18 8:00,16.713,161.46,2.152617012
1330,02/26/18 8:15,16.713,161.4,2.15181708
1331,02/26/18 8:30,16.713,161.48,2.152883656
1332,02/26/18 8:45,16.713,161.51,2.153283622
1333,02/26/18 9:00,16.713,161.25,2.14981725
1334,02/26/18 9:15,16.713,161.42,2.152083724
1335,02/26/18 9:30,16.713,161.18,2.148883996
1336,02/26/18 9:45,16.713,161.13,2.148217386
1337,02/26/18 10:00,16.713,160.93,2.145550946
1338,02/26/18 10:15,16.713,161.11,2.147950742
1339,02/26/18 10:30,16.713,161,2.1464842
1340,02/26/18 10:45,16.713,160.95,2.14581759
1341,02/26/18 11:00,16.713,161.06,2.147284132
1342,02/26/18 11:15,16.713,160.99,2.146350878
1343,02/26/18 11:30,16.713,160.82,2.144084404
1344,02/26/18 11:45,16.713,160.66,2.141951252
1345,02/26/18 12:00,16.713,160.71,2.142617862
1346,02/26/18 12:15,16.713,160.65,2.14181793
1347,02/26/18 12:30,16.713,160.58,2.140884676
1348,02/26/18 12:45,16.808,160.4,2.13848488
1349,02/26/18 13:00,16.808,160.45,2.13915149
1350,02/26/18 13:15,16.713,160.42,2.138751524
1351,02/26/18 13:30,16.713,160.17,2.135418474
1352,02/26/18 13:45,16.713,160.14,2.135018508
1353,02/26/18 14:00,16.713,160.41,2.138618202
1354,02/26/18 14:15,16.713,160.34,2.137684948
1355,02/26/18 14:30,16.713,160.27,2.136751694
1356,02/26/18 14:45,16.713,160.37,2.138084914
1357,02/26/18 15:00,16.713,160.49,2.139684778
1358,02/26/18 15:15,16.713,160.4,2.13848488
1359,02/26/18 15:30,16.713,160.4,2.13848488
1360,02/26/18 15:45,16.713,160.58,2.140884676
1361,02/26/18 16:00,16.713,160.63,2.141551286
1362,02/26/18 16:15,16.713,160.57,2.140751354
1363,02/26/18 16:30,16.713,160.56,2.140618032
1364,02/26/18 16:45,16.713,160.63,2.141551286
1365,02/26/18 17:00,16.713,160.55,2.14048471
1366,02/26/18 17:15,16.713,160.68,2.142217896
1367,02/26/18 17:30,16.713,160.68,2.142217896
1368,02/26/18 17:45,16.713,160.74,2.143017828
1369,02/26/18 18:00,16.713,160.92,2.145417624
1370,02/26/18 18:15,16.713,161.05,2.14715081
1371,02/26/18 18:30,16.713,160.98,2.146217556
1372,02/26/18 18:45,16.713,160.78,2.143551116
1373,02/26/18 19:00,16.713,160.96,2.145950912
1374,02/26/18 19:15,16.713,160.92,2.145417624
1375,02/26/18 19:30,16.713,160.92,2.145417624
1376,02/26/18 19:45,16.713,161.18,2.148883996
1377,02/26/18 20:00,16.713,161.12,2.148084064
1378,02/26/18 20:15,16.713,161.01,2.146617522
1379,02/26/18 20:30,16.808,161.29,2.150350538
1380,02/26/18 20:45,16.713,161.22,2.149417284
1381,02/26/18 21:00,16.713,160.98,2.146217556
1382,02/26/18 21:15,16.713,161.04,2.147017488
1383,02/26/18 21:30,16.713,161.1,2.14781742
1384,02/26/18 21:45,16.713,161.3,2.15048386
1385,02/26/18 22:00,16.713,161.19,2.149017318
1386,02/26/18 22:15,16.713,161.08,2.147550776
1387,02/26/18 22:30,16.713,161.08,2.147550776
1388,02/26/18 22:45,16.713,161.23,2.149550606
1389,02/26/18 23:00,16.713,161.29,2.150350538
1390,02/26/18 23:15,16.808,161.14,2.148350708
1391,02/26/18 23:30,16.808,161.42,2.152083724
1392,02/26/18 23:45,16.808,161.35,2.15115047
1393,02/27/18 0:00,16.808,161.37,2.151417114
1394,02/27/18 0:15,16.713,161.45,2.15248369
1395,02/27/18 0:30,16.713,161.45,2.15248369
1396,02/27/18 0:45,16.713,161.45,2.15248369
1397,02/27/18 1:00,16.713,161.41,2.151950402
1398,02/27/18 1:15,16.713,161.28,2.150217216
1399,02/27/18 1:30,16.713,161.28,2.150217216
1400,02/27/18 1:45,16.713,161.28,2.150217216
1401,02/27/18 2:00,16.713,161.26,2.149950572
1402,02/27/18 2:15,16.713,160.99,2.146350878
1403,02/27/18 2:30,16.713,161.04,2.147017488
1404,02/27/18 2:45,16.713,161.16,2.148617352
1405,02/27/18 3:00,16.808,161.27,2.150083894
1406,02/27/18 3:15,16.808,161.29,2.150350538
1407,02/27/18 3:30,16.808,161.3,2.15048386
1408,02/27/18 3:45,16.713,161.48,2.152883656
1409,02/27/18 4:00,16.713,161.57,2.154083554
1410,02/27/18 4:15,16.713,161.65,2.15515013
1411,02/27/18 4:30,16.713,161.47,2.152750334
1412,02/27/18 4:45,16.713,161.48,2.152883656
1413,02/27/18 5:00,16.713,161.55,2.15381691
1414,02/27/18 5:15,16.808,161.54,2.153683588
1415,02/27/18 5:30,16.713,161.41,2.151950402
1416,02/27/18 5:45,16.713,161.44,2.152350368
1417,02/27/18 6:00,16.713,161.58,2.154216876
1418,02/27/18 6:15,16.713,161.71,2.155950062
1419,02/27/18 6:30,16.713,161.62,2.154750164
1420,02/27/18 6:45,16.713,161.65,2.15515013
1421,02/27/18 7:00,16.713,161.49,2.153016978
1422,02/27/18 7:15,16.713,161.57,2.154083554
1423,02/27/18 7:30,16.713,161.62,2.154750164
1424,02/27/18 7:45,16.713,161.53,2.153550266
1425,02/27/18 8:00,16.713,161.35,2.15115047
1426,02/27/18 8:15,16.713,161.29,2.150350538
1427,02/27/18 8:30,16.713,161.52,2.153416944
1428,02/27/18 8:45,16.713,161.13,2.148217386
1429,02/27/18 9:00,16.808,161.08,2.147550776
1430,02/27/18 9:15,16.808,161.03,2.146884166
1431,02/27/18 9:30,16.713,160.86,2.144617692
1432,02/27/18 9:45,16.713,160.86,2.144617692
1433,02/27/18 10:00,16.713,160.93,2.145550946
1434,02/27/18 10:15,16.713,160.82,2.144084404
1435,02/27/18 10:30,16.713,160.64,2.141684608
1436,02/27/18 10:45,16.713,160.76,2.143284472
1437,02/27/18 11:00,16.713,160.64,2.141684608
1438,02/27/18 11:15,16.713,160.64,2.141684608
1439,02/27/18 11:30,16.713,160.58,2.140884676
1440,02/27/18 11:45,16.713,160.64,2.141684608
1441,02/27/18 12:00,16.808,160.6,2.14115132
1442,02/27/18 12:15,16.808,160.6,2.14115132
1443,02/27/18 12:30,16.808,160.53,2.140218066
1444,02/27/18 12:45,16.808,160.47,2.139418134
1445,02/27/18 13:00,16.808,160.34,2.137684948
1446,02/27/18 13:15,16.713,160.48,2.139551456
1447,02/27/18 13:30,16.713,160.54,2.140351388
1448,02/27/18 13:45,16.713,160.41,2.138618202
1449,02/27/18 14:00,16.713,160.23,2.136218406
1450,02/27/18 14:15,16.713,160.54,2.140351388
1451,02/27/18 14:30,16.713,160.3,2.13715166
1452,02/27/18 14:45,16.713,160.36,2.137951592
1453,02/27/18 15:00,16.808,160.34,2.137684948
1454,02/27/18 15:15,16.808,160.38,2.138218236
1455,02/27/18 15:30,16.808,160.17,2.135418474
1456,02/27/18 15:45,16.808,160.18,2.135551796
1457,02/27/18 16:00,16.808,160.32,2.137418304
1458,02/27/18 16:15,16.713,160.21,2.135951762
1459,02/27/18 16:30,16.713,160.13,2.134885186
1460,02/27/18 16:45,16.713,160.01,2.133285322
1461,02/27/18 17:00,16.808,159.9,2.13181878
1462,02/27/18 17:15,16.808,160.08,2.134218576
1463,02/27/18 17:30,16.808,160.61,2.141284642
1464,02/27/18 17:45,16.808,160.7,2.14248454
1465,02/27/18 18:00,16.808,160.74,2.143017828
1466,02/27/18 18:15,16.713,160.74,2.143017828
1467,02/27/18 18:30,16.713,160.75,2.14315115
1468,02/27/18 18:45,16.713,161,2.1464842
1469,02/27/18 19:00,16.713,160.94,2.145684268
1470,02/27/18 19:15,16.713,160.75,2.14315115
1471,02/27/18 19:30,16.808,160.92,2.145417624
1472,02/27/18 19:45,16.808,160.89,2.145017658
1473,02/27/18 20:00,16.808,160.74,2.143017828
1474,02/27/18 20:15,16.808,160.83,2.144217726
1475,02/27/18 20:30,16.808,160.89,2.145017658
1476,02/27/18 20:45,16.808,160.94,2.145684268
1477,02/27/18 21:00,16.808,160.84,2.144351048
1478,02/27/18 21:15,16.808,160.97,2.146084234
1479,02/27/18 21:30,16.808,161.04,2.147017488
1480,02/27/18 21:45,16.808,161.07,2.147417454
1481,02/27/18 22:00,16.713,160.87,2.144751014
1482,02/27/18 22:15,16.713,161.12,2.148084064
1483,02/27/18 22:30,16.713,161.02,2.146750844
1484,02/27/18 22:45,16.713,160.91,2.145284302
1485,02/27/18 23:00,16.713,160.98,2.146217556
1486,02/27/18 23:15,16.808,161.04,2.147017488
1487,02/27/18 23:30,16.808,161,2.1464842
1488,02/27/18 23:45,16.808,161.11,2.147950742
1489,02/28/18 0:00,16.808,160.95,2.14581759
1490,02/28/18 0:15,16.808,161.08,2.147550776
1491,02/28/18 0:30,16.808,161.11,2.147950742
1492,02/28/18 0:45,16.808,161.26,2.149950572
1493,02/28/18 1:00,16.808,161.04,2.147017488
1494,02/28/18 1:15,16.808,161.23,2.149550606
1495,02/28/18 1:30,16.713,161.08,2.147550776
1496,02/28/18 1:45,16.713,161.22,2.149417284
1497,02/28/18 2:00,16.713,161.16,2.148617352
1498,02/28/18 2:15,16.808,161.14,2.148350708
1499,02/28/18 2:30,16.808,161.14,2.148350708
1500,02/28/18 2:45,16.808,161.22,2.149417284
1501,02/28/18 3:00,16.808,161.22,2.149417284
1502,02/28/18 3:15,16.808,161.43,2.152217046
1503,02/28/18 3:30,16.808,161.19,2.149017318
1504,02/28/18 3:45,16.808,161.28,2.150217216
1505,02/28/18 4:00,16.713,161.24,2.149683928
1506,02/28/18 4:15,16.713,161.1,2.14781742
1507,02/28/18 4:30,16.713,161.24,2.149683928
1508,02/28/18 4:45,16.808,161.36,2.151283792
1509,02/28/18 5:00,16.808,161.43,2.152217046
1510,02/28/18 5:15,16.808,161.52,2.153416944
1511,02/28/18 5:30,16.808,161.36,2.151283792
1512,02/28/18 5:45,16.808,161.36,2.151283792
1513,02/28/18 6:00,16.808,161.56,2.153950232
1514,02/28/18 6:15,16.808,161.52,2.153416944
1515,02/28/18 6:30,16.808,161.29,2.150350538
1516,02/28/18 6:45,16.808,161.45,2.15248369
1517,02/28/18 7:00,16.808,161.49,2.153016978
1518,02/28/18 7:15,16.808,161.45,2.15248369
1519,02/28/18 7:30,16.808,161.3,2.15048386
1520,02/28/18 7:45,16.808,161.1,2.14781742
1521,02/28/18 8:00,16.808,160.93,2.145550946
1522,02/28/18 8:15,16.808,160.99,2.146350878
1523,02/28/18 8:30,16.808,161.05,2.14715081
1524,02/28/18 8:45,16.808,160.97,2.146084234
1525,02/28/18 9:00,16.808,160.86,2.144617692
1526,02/28/18 9:15,16.808,160.87,2.144751014
1527,02/28/18 9:30,16.808,160.87,2.144751014
1528,02/28/18 9:45,16.808,160.64,2.141684608
1529,02/28/18 10:00,16.808,160.58,2.140884676
1530,02/28/18 10:15,16.808,160.64,2.141684608
1531,02/28/18 10:30,16.808,160.29,2.137018338
1532,02/28/18 10:45,16.808,160.47,2.139418134
1533,02/28/18 11:00,16.808,160.41,2.138618202
1534,02/28/18 11:15,16.808,160.41,2.138618202
1535,02/28/18 11:30,16.808,160.35,2.13781827
1536,02/28/18 11:45,16.808,160.29,2.137018338
1537,02/28/18 12:00,16.808,160.23,2.136218406
1538,02/28/18 12:15,16.808,160.35,2.13781827
1539,02/28/18 12:30,16.808,160.28,2.136885016
1540,02/28/18 12:45,16.808,159.97,2.132752034
1541,02/28/18 13:00,16.808,160.09,2.134351898
1542,02/28/18 13:15,16.808,160.02,2.133418644
1543,02/28/18 13:30,16.808,160.02,2.133418644
1544,02/28/18 13:45,16.808,160.11,2.134618542
1545,02/28/18 14:00,16.808,160.01,2.133285322
1546,02/28/18 14:15,16.808,160.08,2.134218576
1547,02/28/18 14:30,16.808,160.07,2.134085254
1548,02/28/18 14:45,16.808,160.16,2.135285152
1549,02/28/18 15:00,16.808,160.14,2.135018508
1550,02/28/18 15:15,16.808,160.06,2.133951932
1551,02/28/18 15:30,16.808,160.08,2.134218576
1552,02/28/18 15:45,16.808,160.17,2.135418474
1553,02/28/18 16:00,16.808,160.04,2.133685288
1554,02/28/18 16:15,16.808,159.89,2.131685458
1555,02/28/18 16:30,16.808,159.87,2.131418814
1556,02/28/18 16:45,16.808,159.94,2.132352068
1557,02/28/18 17:00,16.808,159.96,2.132618712
1558,02/28/18 17:15,16.808,160.2,2.13581844
1559,02/28/18 17:30,16.808,160.37,2.138084914
1560,02/28/18 17:45,16.808,160.81,2.143951082
1561,02/28/18 18:00,16.808,160.7,2.14248454
1562,02/28/18 18:15,16.808,160.61,2.141284642
1563,02/28/18 18:30,16.808,160.6,2.14115132
1564,02/28/18 18:45,16.808,160.73,2.142884506
1565,02/28/18 19:00,16.713,160.57,2.140751354
1566,02/28/18 19:15,16.808,160.67,2.142084574
1567,02/28/18 19:30,16.808,160.73,2.142884506
1568,02/28/18 19:45,16.808,160.73,2.142884506
1569,02/28/18 20:00,16.808,160.8,2.14381776
1570,02/28/18 20:15,16.808,160.69,2.142351218
1571,02/28/18 20:30,16.808,160.7,2.14248454
1572,02/28/18 20:45,16.808,160.78,2.143551116
1573,02/28/18 21:00,16.808,160.97,2.146084234
1574,02/28/18 21:15,16.808,160.78,2.143551116
1575,02/28/18 21:30,16.808,160.85,2.14448437
1576,02/28/18 21:45,16.808,160.79,2.143684438
1577,02/28/18 22:00,16.808,160.82,2.144084404
1578,02/28/18 22:15,16.808,160.69,2.142351218
1579,02/28/18 22:30,16.808,160.9,2.14515098
1580,02/28/18 22:45,16.808,160.85,2.14448437
1581,02/28/18 23:00,16.808,160.78,2.143551116
1582,02/28/18 23:15,16.808,160.72,2.142751184
1583,02/28/18 23:30,16.808,160.8,2.14381776
1584,02/28/18 23:45,16.808,160.93,2.145550946
1585,03/01/18 0:00,16.808,160.87,2.144751014
1586,03/01/18 0:15,16.808,160.88,2.144884336
1587,03/01/18 0:30,16.808,160.84,2.144351048
1588,03/01/18 0:45,16.808,160.77,2.143417794
1589,03/01/18 1:00,16.808,160.91,2.145284302
1590,03/01/18 1:15,16.808,160.91,2.145284302
1591,03/01/18 1:30,16.808,160.78,2.143551116
1592,03/01/18 1:45,16.808,160.85,2.14448437
1593,03/01/18 2:00,16.808,160.96,2.145950912
1594,03/01/18 2:15,16.808,160.96,2.145950912
1595,03/01/18 2:30,16.808,160.9,2.14515098
1596,03/01/18 2:45,16.808,160.82,2.144084404
1597,03/01/18 3:00,16.808,160.85,2.14448437
1598,03/01/18 3:15,16.808,160.65,2.14181793
1599,03/01/18 3:30,16.808,160.9,2.14515098
1600,03/01/18 3:45,16.808,160.9,2.14515098
1601,03/01/18 4:00,16.808,161.02,2.146750844
1602,03/01/18 4:15,16.808,160.83,2.144217726
1603,03/01/18 4:30,16.808,160.87,2.144751014
1604,03/01/18 4:45,16.808,160.8,2.14381776
1605,03/01/18 5:00,16.808,160.82,2.144084404
1606,03/01/18 5:15,16.808,160.73,2.142884506
1607,03/01/18 5:30,16.808,160.97,2.146084234
1608,03/01/18 5:45,16.808,160.89,2.145017658
1609,03/01/18 6:00,16.808,160.76,2.143284472
1610,03/01/18 6:15,16.808,160.76,2.143284472
1611,03/01/18 6:30,16.808,160.76,2.143284472
1612,03/01/18 6:45,16.808,160.82,2.144084404
1613,03/01/18 7:00,16.808,160.76,2.143284472
1614,03/01/18 7:15,16.808,160.88,2.144884336
1615,03/01/18 7:30,16.808,160.7,2.14248454
1616,03/01/18 7:45,16.808,160.74,2.143017828
1617,03/01/18 8:00,16.808,160.72,2.142751184
1618,03/01/18 8:15,16.808,160.78,2.143551116
1619,03/01/18 8:30,16.808,160.68,2.142217896
1620,03/01/18 8:45,16.808,160.69,2.142351218
1621,03/01/18 9:00,16.808,160.5,2.1398181
1622,03/01/18 9:15,16.808,160.5,2.1398181
