sample_number,date_time,pressure,temperature
3,1/12/2018 13:15,928.13,16.046
4,1/12/2018 13:30,927.77,14.23
5,1/12/2018 13:45,927.82,14.038
6,1/12/2018 14:00,927.57,14.038
7,1/12/2018 14:15,927.32,14.038
8,1/12/2018 14:30,927.32,14.038
9,1/12/2018 14:45,927.17,13.942
10,1/12/2018 15:00,927.32,14.038
11,1/12/2018 15:15,927.2,14.038
12,1/12/2018 15:30,927.17,13.942
13,1/12/2018 15:45,927.29,13.942
14,1/12/2018 16:00,927.29,13.942
15,1/12/2018 16:15,927.17,13.942
16,1/12/2018 16:30,927.08,14.038
17,1/12/2018 16:45,927.32,14.038
18,1/12/2018 17:00,927.45,14.038
19,1/12/2018 17:15,927.53,13.942
20,1/12/2018 17:30,927.53,13.942
21,1/12/2018 17:45,927.7,14.038
22,1/12/2018 18:00,927.82,14.038
23,1/12/2018 18:15,927.91,13.942
24,1/12/2018 18:30,927.91,13.942
25,1/12/2018 18:45,928.03,13.942
26,1/12/2018 19:00,928.03,13.942
27,1/12/2018 19:15,928.32,14.038
28,1/12/2018 19:30,928.32,14.038
29,1/12/2018 19:45,928.32,14.038
30,1/12/2018 20:00,928.32,14.038
31,1/12/2018 20:15,928.32,14.038
32,1/12/2018 20:30,928.44,14.038
33,1/12/2018 20:45,928.57,14.038
34,1/12/2018 21:00,928.53,13.942
35,1/12/2018 21:15,928.65,13.942
36,1/12/2018 21:30,928.65,13.942
37,1/12/2018 21:45,928.78,13.942
38,1/12/2018 22:00,928.82,14.038
39,1/12/2018 22:15,928.78,13.942
40,1/12/2018 22:30,928.78,13.942
41,1/12/2018 22:45,928.9,13.942
42,1/12/2018 23:00,928.82,14.038
43,1/12/2018 23:15,928.94,14.038
44,1/12/2018 23:30,928.94,14.038
45,1/12/2018 23:45,928.94,14.038
46,1/13/2018 0:00,928.78,13.942
47,1/13/2018 0:15,928.65,13.942
48,1/13/2018 0:30,928.65,13.942
49,1/13/2018 0:45,928.65,13.942
50,1/13/2018 1:00,928.69,14.038
51,1/13/2018 1:15,928.69,14.038
52,1/13/2018 1:30,928.69,14.038
53,1/13/2018 1:45,928.57,14.038
54,1/13/2018 2:00,928.44,14.038
55,1/13/2018 2:15,928.44,14.038
56,1/13/2018 2:30,928.44,14.038
57,1/13/2018 2:45,928.32,14.038
58,1/13/2018 3:00,928.32,14.038
59,1/13/2018 3:15,928.32,14.038
60,1/13/2018 3:30,928.28,13.942
61,1/13/2018 3:45,928.16,13.942
62,1/13/2018 4:00,928.28,13.942
63,1/13/2018 4:15,928.03,13.942
64,1/13/2018 4:30,928.07,14.038
65,1/13/2018 4:45,928.07,14.038
66,1/13/2018 5:00,928.19,14.038
67,1/13/2018 5:15,928.44,14.038
68,1/13/2018 5:30,928.44,14.038
69,1/13/2018 5:45,928.57,14.038
70,1/13/2018 6:00,928.57,14.038
71,1/13/2018 6:15,928.57,14.038
72,1/13/2018 6:30,928.69,14.038
73,1/13/2018 6:45,928.69,14.038
74,1/13/2018 7:00,928.82,14.038
75,1/13/2018 7:15,928.94,14.038
76,1/13/2018 7:30,928.94,14.038
77,1/13/2018 7:45,928.94,14.038
78,1/13/2018 8:00,929.06,14.038
79,1/13/2018 8:15,929.18,14.038
80,1/13/2018 8:30,929.31,14.038
81,1/13/2018 8:45,929.44,14.038
82,1/13/2018 9:00,929.56,14.038
83,1/13/2018 9:15,929.69,14.038
84,1/13/2018 9:30,929.69,14.038
85,1/13/2018 9:45,929.69,14.038
86,1/13/2018 10:00,929.81,14.038
87,1/13/2018 10:15,929.81,14.038
88,1/13/2018 10:30,929.93,14.038
89,1/13/2018 10:45,929.56,14.038
90,1/13/2018 11:00,929.56,14.038
91,1/13/2018 11:15,929.31,14.038
92,1/13/2018 11:30,929.18,14.038
93,1/13/2018 11:45,928.82,14.038
94,1/13/2018 12:00,928.57,14.038
95,1/13/2018 12:15,928.32,14.038
96,1/13/2018 12:30,927.95,14.038
97,1/13/2018 12:45,927.82,14.038
98,1/13/2018 13:00,927.7,14.038
99,1/13/2018 13:15,927.57,14.038
100,1/13/2018 13:30,927.57,14.038
101,1/13/2018 13:45,927.57,14.038
102,1/13/2018 14:00,927.45,14.038
103,1/13/2018 14:15,927.32,14.038
104,1/13/2018 14:30,927.32,14.038
105,1/13/2018 14:45,927.2,14.038
106,1/13/2018 15:00,927.32,14.038
107,1/13/2018 15:15,927.45,14.038
108,1/13/2018 15:30,927.32,14.038
109,1/13/2018 15:45,927.32,14.038
110,1/13/2018 16:00,927.32,14.038
111,1/13/2018 16:15,927.08,14.038
112,1/13/2018 16:30,927.2,14.038
113,1/13/2018 16:45,927.11,14.134
114,1/13/2018 17:00,927.24,14.134
115,1/13/2018 17:15,927.32,14.038
116,1/13/2018 17:30,927.45,14.038
117,1/13/2018 17:45,927.57,14.038
118,1/13/2018 18:00,927.7,14.038
119,1/13/2018 18:15,927.57,14.038
120,1/13/2018 18:30,927.49,14.134
121,1/13/2018 18:45,927.61,14.134
122,1/13/2018 19:00,927.82,14.038
123,1/13/2018 19:15,927.95,14.038
124,1/13/2018 19:30,928.07,14.038
125,1/13/2018 19:45,928.19,14.038
126,1/13/2018 20:00,928.19,14.038
127,1/13/2018 20:15,928.32,14.038
128,1/13/2018 20:30,928.32,14.038
129,1/13/2018 20:45,928.32,14.038
130,1/13/2018 21:00,928.32,14.038
131,1/13/2018 21:15,928.44,14.038
132,1/13/2018 21:30,928.48,14.134
133,1/13/2018 21:45,928.48,14.134
134,1/13/2018 22:00,928.61,14.134
135,1/13/2018 22:15,928.69,14.038
136,1/13/2018 22:30,928.57,14.038
137,1/13/2018 22:45,928.44,14.038
138,1/13/2018 23:00,928.57,14.038
139,1/13/2018 23:15,928.57,14.038
140,1/13/2018 23:30,928.57,14.038
141,1/13/2018 23:45,928.69,14.038
142,1/14/2018 0:00,928.69,14.038
143,1/14/2018 0:15,928.61,14.134
144,1/14/2018 0:30,928.48,14.134
145,1/14/2018 0:45,928.23,14.134
146,1/14/2018 1:00,928.11,14.134
147,1/14/2018 1:15,928.07,14.038
148,1/14/2018 1:30,928.19,14.038
149,1/14/2018 1:45,928.11,14.134
150,1/14/2018 2:00,928.23,14.134
151,1/14/2018 2:15,928.23,14.134
152,1/14/2018 2:30,928.36,14.134
153,1/14/2018 2:45,928.23,14.134
154,1/14/2018 3:00,928.23,14.134
155,1/14/2018 3:15,928.23,14.134
156,1/14/2018 3:30,928.23,14.134
157,1/14/2018 3:45,927.95,14.038
158,1/14/2018 4:00,928.07,14.038
159,1/14/2018 4:15,927.95,14.038
160,1/14/2018 4:30,928.07,14.038
161,1/14/2018 4:45,927.98,14.134
162,1/14/2018 5:00,927.86,14.134
163,1/14/2018 5:15,927.98,14.134
164,1/14/2018 5:30,927.82,14.038
165,1/14/2018 5:45,927.98,14.134
166,1/14/2018 6:00,927.98,14.134
167,1/14/2018 6:15,928.11,14.134
168,1/14/2018 6:30,928.23,14.134
169,1/14/2018 6:45,928.23,14.134
170,1/14/2018 7:00,928.19,14.038
171,1/14/2018 7:15,928.19,14.038
172,1/14/2018 7:30,928.36,14.134
173,1/14/2018 7:45,928.32,14.038
174,1/14/2018 8:00,928.36,14.134
175,1/14/2018 8:15,928.48,14.134
176,1/14/2018 8:30,928.57,14.038
177,1/14/2018 8:45,928.97,14.134
178,1/14/2018 9:00,929.23,14.134
179,1/14/2018 9:15,929.35,14.134
180,1/14/2018 9:30,929.6,14.134
181,1/14/2018 9:45,929.6,14.134
182,1/14/2018 10:00,929.6,14.134
183,1/14/2018 10:15,929.72,14.134
184,1/14/2018 10:30,929.72,14.134
185,1/14/2018 10:45,929.6,14.134
186,1/14/2018 11:00,929.48,14.134
187,1/14/2018 11:15,929.23,14.134
188,1/14/2018 11:30,928.97,14.134
189,1/14/2018 11:45,928.61,14.134
190,1/14/2018 12:00,928.48,14.134
191,1/14/2018 12:15,928.48,14.134
192,1/14/2018 12:30,928.23,14.134
193,1/14/2018 12:45,928.11,14.134
194,1/14/2018 13:00,928.11,14.134
195,1/14/2018 13:15,928.11,14.134
196,1/14/2018 13:30,927.74,14.134
197,1/14/2018 13:45,927.36,14.134
198,1/14/2018 14:00,927.4,14.23
199,1/14/2018 14:15,927.15,14.23
200,1/14/2018 14:30,927.24,14.134
201,1/14/2018 14:45,927.2,14.038
202,1/14/2018 15:00,927.57,14.038
203,1/14/2018 15:15,927.61,14.134
204,1/14/2018 15:30,927.9,14.23
205,1/14/2018 15:45,927.98,14.134
206,1/14/2018 16:00,928.11,14.134
207,1/14/2018 16:15,927.86,14.134
208,1/14/2018 16:30,927.49,14.134
209,1/14/2018 16:45,927.24,14.134
210,1/14/2018 17:00,927.15,14.23
211,1/14/2018 17:15,927.24,14.134
212,1/14/2018 17:30,927.24,14.134
213,1/14/2018 17:45,927.45,14.038
214,1/14/2018 18:00,927.49,14.134
215,1/14/2018 18:15,927.74,14.134
216,1/14/2018 18:30,927.9,14.23
217,1/14/2018 18:45,927.65,14.23
218,1/14/2018 19:00,927.65,14.23
219,1/14/2018 19:15,927.65,14.23
220,1/14/2018 19:30,927.86,14.134
221,1/14/2018 19:45,927.86,14.134
222,1/14/2018 20:00,928.11,14.134
223,1/14/2018 20:15,928.11,14.134
224,1/14/2018 20:30,928.11,14.134
225,1/14/2018 20:45,928.23,14.134
226,1/14/2018 21:00,928.23,14.134
227,1/14/2018 21:15,928.36,14.134
228,1/14/2018 21:30,928.23,14.134
229,1/14/2018 21:45,928.4,14.23
230,1/14/2018 22:00,928.36,14.134
231,1/14/2018 22:15,928.23,14.134
232,1/14/2018 22:30,928.23,14.134
233,1/14/2018 22:45,928.23,14.134
234,1/14/2018 23:00,928.23,14.134
235,1/14/2018 23:15,928.23,14.134
236,1/14/2018 23:30,928.36,14.134
237,1/14/2018 23:45,928.48,14.134
238,1/15/2018 0:00,928.11,14.134
239,1/15/2018 0:15,928.36,14.134
240,1/15/2018 0:30,928.11,14.134
241,1/15/2018 0:45,928.11,14.134
242,1/15/2018 1:00,928.11,14.134
243,1/15/2018 1:15,927.74,14.134
244,1/15/2018 1:30,927.98,14.134
245,1/15/2018 1:45,928.11,14.134
246,1/15/2018 2:00,928.15,14.23
247,1/15/2018 2:15,928.15,14.23
248,1/15/2018 2:30,928.02,14.23
249,1/15/2018 2:45,928.15,14.23
250,1/15/2018 3:00,928.15,14.23
251,1/15/2018 3:15,927.98,14.134
252,1/15/2018 3:30,927.98,14.134
253,1/15/2018 3:45,927.74,14.134
254,1/15/2018 4:00,927.74,14.134
255,1/15/2018 4:15,927.74,14.134
256,1/15/2018 4:30,927.74,14.134
257,1/15/2018 4:45,927.61,14.134
258,1/15/2018 5:00,927.61,14.134
259,1/15/2018 5:15,927.61,14.134
260,1/15/2018 5:30,927.77,14.23
261,1/15/2018 5:45,928.02,14.23
262,1/15/2018 6:00,927.9,14.23
263,1/15/2018 6:15,928.02,14.23
264,1/15/2018 6:30,928.36,14.134
265,1/15/2018 6:45,928.23,14.134
266,1/15/2018 7:00,928.23,14.134
267,1/15/2018 7:15,928.48,14.134
268,1/15/2018 7:30,928.61,14.134
269,1/15/2018 7:45,928.64,14.23
270,1/15/2018 8:00,928.36,14.134
271,1/15/2018 8:15,928.36,14.134
272,1/15/2018 8:30,928.73,14.134
273,1/15/2018 8:45,928.97,14.134
274,1/15/2018 9:00,929.23,14.134
275,1/15/2018 9:15,929.39,14.23
276,1/15/2018 9:30,929.14,14.23
277,1/15/2018 9:45,929.14,14.23
278,1/15/2018 10:00,929.02,14.23
279,1/15/2018 10:15,928.89,14.23
280,1/15/2018 10:30,929.14,14.23
281,1/15/2018 10:45,929.1,14.134
282,1/15/2018 11:00,929.23,14.134
283,1/15/2018 11:15,929.1,14.134
284,1/15/2018 11:30,928.97,14.134
285,1/15/2018 11:45,928.73,14.134
286,1/15/2018 12:00,928.64,14.23
287,1/15/2018 12:15,928.27,14.23
288,1/15/2018 12:30,928.27,14.23
289,1/15/2018 12:45,928.02,14.23
290,1/15/2018 13:00,927.77,14.23
291,1/15/2018 13:15,927.53,14.23
292,1/15/2018 13:30,927.53,14.23
293,1/15/2018 13:45,927.53,14.23
294,1/15/2018 14:00,927.61,14.134
295,1/15/2018 14:15,927.61,14.134
296,1/15/2018 14:30,927.98,14.134
297,1/15/2018 14:45,927.77,14.23
298,1/15/2018 15:00,927.86,14.134
299,1/15/2018 15:15,927.61,14.134
300,1/15/2018 15:30,927.28,14.23
301,1/15/2018 15:45,927.28,14.23
302,1/15/2018 16:00,926.9,14.23
303,1/15/2018 16:15,926.9,14.23
304,1/15/2018 16:30,927.15,14.23
305,1/15/2018 16:45,927.03,14.23
306,1/15/2018 17:00,927.15,14.23
307,1/15/2018 17:15,927.28,14.23
308,1/15/2018 17:30,927.28,14.23
309,1/15/2018 17:45,927.03,14.23
310,1/15/2018 18:00,926.78,14.23
311,1/15/2018 18:15,926.78,14.23
312,1/15/2018 18:30,927.15,14.23
313,1/15/2018 18:45,927.15,14.23
314,1/15/2018 19:00,927.49,14.134
315,1/15/2018 19:15,927.61,14.134
316,1/15/2018 19:30,928.11,14.134
317,1/15/2018 19:45,928.4,14.23
318,1/15/2018 20:00,928.52,14.23
319,1/15/2018 20:15,928.61,14.134
320,1/15/2018 20:30,928.64,14.23
321,1/15/2018 20:45,928.43,14.325
322,1/15/2018 21:00,928.55,14.325
323,1/15/2018 21:15,928.61,14.134
324,1/15/2018 21:30,928.61,14.134
325,1/15/2018 21:45,928.48,14.134
326,1/15/2018 22:00,928.27,14.23
327,1/15/2018 22:15,928.06,14.325
328,1/15/2018 22:30,928.4,14.23
329,1/15/2018 22:45,928.64,14.23
330,1/15/2018 23:00,928.73,14.134
331,1/15/2018 23:15,928.76,14.23
332,1/15/2018 23:30,928.64,14.23
333,1/15/2018 23:45,928.4,14.23
334,1/16/2018 0:00,928.4,14.23
335,1/16/2018 0:15,928.52,14.23
336,1/16/2018 0:30,928.4,14.23
337,1/16/2018 0:45,928.61,14.134
338,1/16/2018 1:00,928.73,14.134
339,1/16/2018 1:15,928.76,14.23
340,1/16/2018 1:30,928.76,14.23
341,1/16/2018 1:45,928.64,14.23
342,1/16/2018 2:00,928.76,14.23
343,1/16/2018 2:15,928.19,14.325
344,1/16/2018 2:30,928.27,14.23
345,1/16/2018 2:45,928.27,14.23
346,1/16/2018 3:00,928.27,14.23
347,1/16/2018 3:15,928.52,14.23
348,1/16/2018 3:30,928.4,14.23
349,1/16/2018 3:45,928.02,14.23
350,1/16/2018 4:00,928.27,14.23
351,1/16/2018 4:15,928.15,14.23
352,1/16/2018 4:30,928.02,14.23
353,1/16/2018 4:45,928.15,14.23
354,1/16/2018 5:00,928.27,14.23
355,1/16/2018 5:15,928.4,14.23
356,1/16/2018 5:30,928.15,14.23
357,1/16/2018 5:45,928.02,14.23
358,1/16/2018 6:00,927.9,14.23
359,1/16/2018 6:15,927.77,14.23
360,1/16/2018 6:30,927.77,14.23
361,1/16/2018 6:45,928.27,14.23
362,1/16/2018 7:00,928.76,14.23
363,1/16/2018 7:15,929.02,14.23
364,1/16/2018 7:30,929.27,14.23
365,1/16/2018 7:45,929.14,14.23
366,1/16/2018 8:00,928.93,14.325
367,1/16/2018 8:15,928.93,14.325
368,1/16/2018 8:30,929.27,14.23
369,1/16/2018 8:45,929.27,14.23
370,1/16/2018 9:00,929.35,14.134
371,1/16/2018 9:15,929.27,14.23
372,1/16/2018 9:30,929.39,14.23
373,1/16/2018 9:45,929.76,14.23
374,1/16/2018 10:00,930.14,14.23
375,1/16/2018 10:15,930.01,14.23
376,1/16/2018 10:30,929.88,14.23
377,1/16/2018 10:45,929.63,14.23
378,1/16/2018 11:00,929.55,14.325
379,1/16/2018 11:15,929.55,14.325
380,1/16/2018 11:30,929.14,14.23
381,1/16/2018 11:45,928.97,14.134
382,1/16/2018 12:00,928.73,14.134
383,1/16/2018 12:15,928.52,14.23
384,1/16/2018 12:30,928.52,14.23
385,1/16/2018 12:45,928.27,14.23
386,1/16/2018 13:00,928.15,14.23
387,1/16/2018 13:15,928.15,14.23
388,1/16/2018 13:30,928.15,14.23
389,1/16/2018 13:45,928.15,14.23
390,1/16/2018 14:00,927.77,14.23
391,1/16/2018 14:15,927.9,14.23
392,1/16/2018 14:30,928.02,14.23
393,1/16/2018 14:45,928.02,14.23
394,1/16/2018 15:00,928.02,14.23
395,1/16/2018 15:15,928.15,14.23
396,1/16/2018 15:30,927.9,14.23
397,1/16/2018 15:45,927.94,14.325
398,1/16/2018 16:00,927.81,14.325
399,1/16/2018 16:15,927.77,14.23
400,1/16/2018 16:30,927.9,14.23
401,1/16/2018 16:45,927.9,14.23
402,1/16/2018 17:00,928.27,14.23
403,1/16/2018 17:15,928.22,14.421
404,1/16/2018 17:30,928.31,14.325
405,1/16/2018 17:45,928.27,14.23
406,1/16/2018 18:00,928.11,14.134
407,1/16/2018 18:15,928.11,14.134
408,1/16/2018 18:30,927.98,14.134
409,1/16/2018 18:45,928.27,14.23
410,1/16/2018 19:00,928.52,14.23
411,1/16/2018 19:15,928.55,14.325
412,1/16/2018 19:30,928.68,14.325
413,1/16/2018 19:45,928.68,14.325
414,1/16/2018 20:00,928.55,14.325
415,1/16/2018 20:15,928.68,14.325
416,1/16/2018 20:30,928.68,14.325
417,1/16/2018 20:45,928.76,14.23
418,1/16/2018 21:00,928.76,14.23
419,1/16/2018 21:15,928.89,14.23
420,1/16/2018 21:30,928.89,14.23
421,1/16/2018 21:45,928.89,14.23
422,1/16/2018 22:00,929.02,14.23
423,1/16/2018 22:15,928.89,14.23
424,1/16/2018 22:30,928.89,14.23
425,1/16/2018 22:45,929.18,14.325
426,1/16/2018 23:00,929.18,14.325
427,1/16/2018 23:15,929.06,14.325
428,1/16/2018 23:30,928.93,14.325
429,1/16/2018 23:45,928.93,14.325
430,1/17/2018 0:00,928.76,14.23
431,1/17/2018 0:15,928.89,14.23
432,1/17/2018 0:30,928.93,14.325
433,1/17/2018 0:45,928.93,14.325
434,1/17/2018 1:00,928.89,14.23
435,1/17/2018 1:15,929.02,14.23
436,1/17/2018 1:30,928.76,14.23
437,1/17/2018 1:45,928.76,14.23
438,1/17/2018 2:00,928.76,14.23
439,1/17/2018 2:15,928.76,14.23
440,1/17/2018 2:30,928.93,14.325
441,1/17/2018 2:45,928.81,14.325
442,1/17/2018 3:00,928.68,14.325
443,1/17/2018 3:15,928.68,14.325
444,1/17/2018 3:30,928.52,14.23
445,1/17/2018 3:45,928.52,14.23
446,1/17/2018 4:00,928.64,14.23
447,1/17/2018 4:15,928.55,14.325
448,1/17/2018 4:30,928.55,14.325
449,1/17/2018 4:45,928.55,14.325
450,1/17/2018 5:00,928.68,14.325
451,1/17/2018 5:15,928.76,14.23
452,1/17/2018 5:30,928.93,14.325
453,1/17/2018 5:45,928.93,14.325
454,1/17/2018 6:00,929.06,14.325
455,1/17/2018 6:15,929.06,14.325
456,1/17/2018 6:30,929.18,14.325
457,1/17/2018 6:45,929.42,14.325
458,1/17/2018 7:00,929.3,14.325
459,1/17/2018 7:15,929.18,14.325
460,1/17/2018 7:30,929.18,14.325
461,1/17/2018 7:45,929.42,14.325
462,1/17/2018 8:00,929.42,14.325
463,1/17/2018 8:15,929.55,14.325
464,1/17/2018 8:30,929.92,14.325
465,1/17/2018 8:45,930.29,14.325
466,1/17/2018 9:00,930.17,14.325
467,1/17/2018 9:15,930.5,14.23
468,1/17/2018 9:30,930.63,14.23
469,1/17/2018 9:45,930.75,14.23
470,1/17/2018 10:00,930.92,14.325
471,1/17/2018 10:15,930.92,14.325
472,1/17/2018 10:30,931.04,14.325
473,1/17/2018 10:45,930.88,14.23
474,1/17/2018 11:00,930.88,14.23
475,1/17/2018 11:15,930.88,14.23
476,1/17/2018 11:30,930.92,14.325
477,1/17/2018 11:45,930.79,14.325
478,1/17/2018 12:00,930.54,14.325
479,1/17/2018 12:15,930.42,14.325
480,1/17/2018 12:30,930.29,14.325
481,1/17/2018 12:45,930.17,14.325
482,1/17/2018 13:00,929.92,14.325
483,1/17/2018 13:15,929.8,14.325
484,1/17/2018 13:30,929.67,14.325
485,1/17/2018 13:45,929.42,14.325
486,1/17/2018 14:00,929.3,14.325
487,1/17/2018 14:15,929.18,14.325
488,1/17/2018 14:30,929.06,14.325
489,1/17/2018 14:45,928.97,14.421
490,1/17/2018 15:00,928.93,14.325
491,1/17/2018 15:15,929.02,14.23
492,1/17/2018 15:30,928.89,14.23
493,1/17/2018 15:45,928.76,14.23
494,1/17/2018 16:00,928.81,14.325
495,1/17/2018 16:15,928.81,14.325
496,1/17/2018 16:30,928.93,14.325
497,1/17/2018 16:45,928.81,14.325
498,1/17/2018 17:00,928.81,14.325
499,1/17/2018 17:15,928.93,14.325
500,1/17/2018 17:30,929.06,14.325
501,1/17/2018 17:45,929.06,14.325
502,1/17/2018 18:00,929.06,14.325
503,1/17/2018 18:15,929.06,14.325
504,1/17/2018 18:30,929.14,14.23
505,1/17/2018 18:45,929.14,14.23
506,1/17/2018 19:00,929.18,14.325
507,1/17/2018 19:15,929.06,14.325
508,1/17/2018 19:30,928.93,14.325
509,1/17/2018 19:45,929.09,14.421
510,1/17/2018 20:00,928.97,14.421
511,1/17/2018 20:15,928.97,14.421
512,1/17/2018 20:30,928.97,14.421
513,1/17/2018 20:45,929.06,14.325
514,1/17/2018 21:00,929.06,14.325
515,1/17/2018 21:15,929.18,14.325
516,1/17/2018 21:30,929.18,14.325
517,1/17/2018 21:45,929.3,14.325
518,1/17/2018 22:00,929.3,14.325
519,1/17/2018 22:15,929.3,14.325
520,1/17/2018 22:30,929.3,14.325
521,1/17/2018 22:45,929.3,14.325
522,1/17/2018 23:00,929.18,14.325
523,1/17/2018 23:15,929.06,14.325
524,1/17/2018 23:30,928.81,14.325
525,1/17/2018 23:45,928.85,14.421
526,1/18/2018 0:00,928.81,14.325
527,1/18/2018 0:15,928.72,14.421
528,1/18/2018 0:30,928.81,14.325
529,1/18/2018 0:45,928.93,14.325
530,1/18/2018 1:00,928.81,14.325
531,1/18/2018 1:15,928.72,14.421
532,1/18/2018 1:30,928.85,14.421
533,1/18/2018 1:45,928.81,14.325
534,1/18/2018 2:00,928.68,14.325
535,1/18/2018 2:15,928.55,14.325
536,1/18/2018 2:30,928.55,14.325
537,1/18/2018 2:45,928.43,14.325
538,1/18/2018 3:00,928.31,14.325
539,1/18/2018 3:15,928.22,14.421
540,1/18/2018 3:30,928.1,14.421
541,1/18/2018 3:45,928.22,14.421
542,1/18/2018 4:00,928.06,14.325
543,1/18/2018 4:15,928.06,14.325
544,1/18/2018 4:30,927.94,14.325
545,1/18/2018 4:45,927.94,14.325
546,1/18/2018 5:00,927.94,14.325
547,1/18/2018 5:15,927.94,14.325
548,1/18/2018 5:30,927.94,14.325
549,1/18/2018 5:45,927.98,14.421
550,1/18/2018 6:00,928.1,14.421
551,1/18/2018 6:15,927.81,14.325
552,1/18/2018 6:30,927.98,14.421
553,1/18/2018 6:45,927.94,14.325
554,1/18/2018 7:00,927.94,14.325
555,1/18/2018 7:15,927.98,14.421
556,1/18/2018 7:30,928.1,14.421
557,1/18/2018 7:45,928.06,14.325
558,1/18/2018 8:00,928.19,14.325
559,1/18/2018 8:15,928.06,14.325
560,1/18/2018 8:30,928.31,14.325
561,1/18/2018 8:45,928.34,14.421
562,1/18/2018 9:00,928.34,14.421
563,1/18/2018 9:15,928.34,14.421
564,1/18/2018 9:30,928.72,14.421
565,1/18/2018 9:45,928.55,14.325
566,1/18/2018 10:00,928.81,14.325
567,1/18/2018 10:15,928.93,14.325
568,1/18/2018 10:30,929.09,14.421
569,1/18/2018 10:45,928.97,14.421
570,1/18/2018 11:00,928.59,14.421
571,1/18/2018 11:15,928.34,14.421
572,1/18/2018 11:30,928.06,14.325
573,1/18/2018 11:45,928.1,14.421
574,1/18/2018 12:00,928.1,14.421
575,1/18/2018 12:15,928.06,14.325
576,1/18/2018 12:30,927.81,14.325
577,1/18/2018 12:45,927.32,14.325
578,1/18/2018 13:00,927.11,14.421
579,1/18/2018 13:15,926.73,14.421
580,1/18/2018 13:30,926.48,14.421
581,1/18/2018 13:45,926.57,14.325
582,1/18/2018 14:00,926.82,14.325
583,1/18/2018 14:15,926.82,14.325
584,1/18/2018 14:30,926.69,14.325
585,1/18/2018 14:45,926.57,14.325
586,1/18/2018 15:00,926.48,14.421
587,1/18/2018 15:15,926.24,14.421
588,1/18/2018 15:30,926.36,14.421
589,1/18/2018 15:45,926.11,14.421
590,1/18/2018 16:00,926.32,14.325
591,1/18/2018 16:15,926.32,14.325
592,1/18/2018 16:30,926.45,14.325
593,1/18/2018 16:45,926.36,14.421
594,1/18/2018 17:00,926.11,14.421
595,1/18/2018 17:15,926.03,14.517
596,1/18/2018 17:30,926.11,14.421
597,1/18/2018 17:45,926.2,14.325
598,1/18/2018 18:00,926.2,14.325
599,1/18/2018 18:15,926.2,14.325
600,1/18/2018 18:30,926.36,14.421
601,1/18/2018 18:45,926.48,14.421
602,1/18/2018 19:00,926.48,14.421
603,1/18/2018 19:15,926.36,14.421
604,1/18/2018 19:30,926.36,14.421
605,1/18/2018 19:45,926.24,14.421
606,1/18/2018 20:00,926.48,14.421
607,1/18/2018 20:15,926.61,14.421
608,1/18/2018 20:30,926.48,14.421
609,1/18/2018 20:45,926.61,14.421
610,1/18/2018 21:00,926.73,14.421
611,1/18/2018 21:15,926.61,14.421
612,1/18/2018 21:30,926.73,14.421
613,1/18/2018 21:45,926.73,14.421
614,1/18/2018 22:00,926.73,14.421
615,1/18/2018 22:15,926.73,14.421
616,1/18/2018 22:30,926.9,14.517
617,1/18/2018 22:45,926.77,14.517
618,1/18/2018 23:00,926.98,14.421
619,1/18/2018 23:15,926.86,14.421
620,1/18/2018 23:30,926.86,14.421
621,1/18/2018 23:45,926.73,14.421
622,1/19/2018 0:00,926.61,14.421
623,1/19/2018 0:15,926.73,14.421
624,1/19/2018 0:30,926.73,14.421
625,1/19/2018 0:45,926.73,14.421
626,1/19/2018 1:00,926.48,14.421
627,1/19/2018 1:15,926.48,14.421
628,1/19/2018 1:30,926.4,14.517
629,1/19/2018 1:45,926.65,14.517
630,1/19/2018 2:00,926.48,14.421
631,1/19/2018 2:15,926.48,14.421
632,1/19/2018 2:30,926.36,14.421
633,1/19/2018 2:45,926.36,14.421
634,1/19/2018 3:00,926.24,14.421
635,1/19/2018 3:15,926.24,14.421
636,1/19/2018 3:30,926.24,14.421
637,1/19/2018 3:45,926.24,14.421
638,1/19/2018 4:00,926.15,14.517
639,1/19/2018 4:15,925.86,14.421
640,1/19/2018 4:30,925.74,14.421
641,1/19/2018 4:45,925.74,14.421
642,1/19/2018 5:00,925.86,14.421
643,1/19/2018 5:15,925.86,14.421
644,1/19/2018 5:30,925.74,14.421
645,1/19/2018 5:45,925.86,14.421
646,1/19/2018 6:00,925.86,14.421
647,1/19/2018 6:15,925.74,14.421
648,1/19/2018 6:30,925.86,14.421
649,1/19/2018 6:45,925.86,14.421
650,1/19/2018 7:00,925.9,14.517
651,1/19/2018 7:15,925.99,14.421
652,1/19/2018 7:30,925.99,14.421
653,1/19/2018 7:45,925.86,14.421
654,1/19/2018 8:00,925.99,14.421
655,1/19/2018 8:15,926.24,14.421
656,1/19/2018 8:30,926.11,14.421
657,1/19/2018 8:45,926.36,14.421
658,1/19/2018 9:00,926.24,14.421
659,1/19/2018 9:15,926.52,14.517
660,1/19/2018 9:30,926.48,14.421
661,1/19/2018 9:45,926.61,14.421
662,1/19/2018 10:00,926.61,14.421
663,1/19/2018 10:15,926.73,14.421
664,1/19/2018 10:30,926.48,14.421
665,1/19/2018 10:45,926.52,14.517
666,1/19/2018 11:00,926.4,14.517
667,1/19/2018 11:15,926.15,14.517
668,1/19/2018 11:30,926.15,14.517
669,1/19/2018 11:45,925.99,14.421
670,1/19/2018 12:00,925.74,14.421
671,1/19/2018 12:15,925.53,14.517
672,1/19/2018 12:30,925.28,14.517
673,1/19/2018 12:45,924.99,14.421
674,1/19/2018 13:00,924.74,14.421
675,1/19/2018 13:15,924.74,14.421
676,1/19/2018 13:30,924.5,14.421
677,1/19/2018 13:45,924.41,14.517
678,1/19/2018 14:00,924.41,14.517
679,1/19/2018 14:15,924.17,14.517
680,1/19/2018 14:30,924.13,14.421
681,1/19/2018 14:45,923.92,14.517
682,1/19/2018 15:00,923.92,14.517
683,1/19/2018 15:15,924,14.421
684,1/19/2018 15:30,923.75,14.421
685,1/19/2018 15:45,924.04,14.517
686,1/19/2018 16:00,923.67,14.517
687,1/19/2018 16:15,923.67,14.517
688,1/19/2018 16:30,923.63,14.421
689,1/19/2018 16:45,923.72,14.325
690,1/19/2018 17:00,923.75,14.421
691,1/19/2018 17:15,923.67,14.517
692,1/19/2018 17:30,923.99,14.709
693,1/19/2018 17:45,924.08,14.613
694,1/19/2018 18:00,924.04,14.517
695,1/19/2018 18:15,924,14.421
696,1/19/2018 18:30,924.21,14.325
697,1/19/2018 18:45,924.34,14.325
698,1/19/2018 19:00,924.38,14.421
699,1/19/2018 19:15,924.17,14.517
700,1/19/2018 19:30,924.41,14.517
701,1/19/2018 19:45,924.53,14.517
702,1/19/2018 20:00,924.7,14.613
703,1/19/2018 20:15,924.83,14.613
704,1/19/2018 20:30,924.95,14.613
705,1/19/2018 20:45,925.04,14.517
706,1/19/2018 21:00,925.25,14.421
707,1/19/2018 21:15,925.37,14.421
708,1/19/2018 21:30,925.4,14.517
709,1/19/2018 21:45,925.49,14.421
710,1/19/2018 22:00,925.65,14.517
711,1/19/2018 22:15,925.53,14.517
712,1/19/2018 22:30,925.65,14.517
713,1/19/2018 22:45,925.57,14.613
714,1/19/2018 23:00,925.65,14.517
715,1/19/2018 23:15,925.4,14.517
716,1/19/2018 23:30,925.74,14.421
717,1/19/2018 23:45,925.74,14.421
718,1/20/2018 0:00,925.61,14.421
719,1/20/2018 0:15,925.65,14.517
720,1/20/2018 0:30,925.86,14.421
721,1/20/2018 0:45,925.74,14.421
722,1/20/2018 1:00,925.78,14.517
723,1/20/2018 1:15,925.65,14.517
724,1/20/2018 1:30,925.69,14.613
725,1/20/2018 1:45,925.69,14.613
726,1/20/2018 2:00,925.65,14.517
727,1/20/2018 2:15,925.78,14.517
728,1/20/2018 2:30,925.65,14.517
729,1/20/2018 2:45,925.61,14.421
730,1/20/2018 3:00,925.99,14.421
731,1/20/2018 3:15,925.65,14.517
732,1/20/2018 3:30,925.57,14.613
733,1/20/2018 3:45,925.69,14.613
734,1/20/2018 4:00,925.86,14.421
735,1/20/2018 4:15,925.74,14.421
736,1/20/2018 4:30,925.86,14.421
737,1/20/2018 4:45,926.19,14.613
738,1/20/2018 5:00,926.19,14.613
739,1/20/2018 5:15,926.11,14.421
740,1/20/2018 5:30,926.36,14.421
741,1/20/2018 5:45,926.24,14.421
742,1/20/2018 6:00,926.52,14.517
743,1/20/2018 6:15,926.19,14.613
744,1/20/2018 6:30,926.48,14.709
745,1/20/2018 6:45,926.52,14.517
746,1/20/2018 7:00,926.73,14.421
747,1/20/2018 7:15,926.61,14.421
748,1/20/2018 7:30,926.93,14.613
749,1/20/2018 7:45,927.39,14.517
750,1/20/2018 8:00,927.52,14.517
751,1/20/2018 8:15,927.8,14.613
752,1/20/2018 8:30,927.85,14.421
753,1/20/2018 8:45,928.13,14.517
754,1/20/2018 9:00,928.26,14.517
755,1/20/2018 9:15,928.55,14.613
756,1/20/2018 9:30,928.58,14.709
757,1/20/2018 9:45,928.62,14.804
758,1/20/2018 10:00,928.67,14.613
759,1/20/2018 10:15,928.88,14.517
760,1/20/2018 10:30,928.59,14.421
761,1/20/2018 10:45,928.51,14.517
762,1/20/2018 11:00,928.38,14.517
763,1/20/2018 11:15,928.3,14.613
764,1/20/2018 11:30,928.3,14.613
765,1/20/2018 11:45,927.92,14.613
766,1/20/2018 12:00,928.05,14.613
767,1/20/2018 12:15,927.89,14.517
768,1/20/2018 12:30,927.89,14.517
769,1/20/2018 12:45,927.52,14.517
770,1/20/2018 13:00,927.92,14.613
771,1/20/2018 13:15,927.31,14.613
772,1/20/2018 13:30,927.35,14.709
773,1/20/2018 13:45,927.35,14.709
774,1/20/2018 14:00,927.52,14.517
775,1/20/2018 14:15,927.64,14.517
776,1/20/2018 14:30,927.52,14.517
777,1/20/2018 14:45,927.68,14.613
778,1/20/2018 15:00,927.84,14.709
779,1/20/2018 15:15,927.89,14.517
780,1/20/2018 15:30,928.13,14.517
781,1/20/2018 15:45,928.13,14.517
782,1/20/2018 16:00,928.01,14.517
783,1/20/2018 16:15,928.17,14.613
784,1/20/2018 16:30,928.09,14.709
785,1/20/2018 16:45,928.3,14.613
786,1/20/2018 17:00,928.26,14.517
787,1/20/2018 17:15,928.64,14.517
788,1/20/2018 17:30,928.79,14.613
789,1/20/2018 17:45,928.79,14.613
790,1/20/2018 18:00,928.92,14.613
791,1/20/2018 18:15,929.04,14.613
792,1/20/2018 18:30,929.04,14.613
793,1/20/2018 18:45,928.92,14.613
794,1/20/2018 19:00,929.17,14.613
795,1/20/2018 19:15,929.04,14.613
796,1/20/2018 19:30,929.29,14.613
797,1/20/2018 19:45,929.33,14.709
798,1/20/2018 20:00,929.54,14.613
799,1/20/2018 20:15,929.54,14.613
800,1/20/2018 20:30,929.79,14.613
801,1/20/2018 20:45,929.91,14.613
802,1/20/2018 21:00,929.91,14.613
803,1/20/2018 21:15,930.16,14.613
804,1/20/2018 21:30,930.29,14.613
805,1/20/2018 21:45,930.53,14.613
806,1/20/2018 22:00,930.53,14.613
807,1/20/2018 22:15,930.53,14.613
808,1/20/2018 22:30,930.66,14.613
809,1/20/2018 22:45,930.78,14.613
810,1/20/2018 23:00,930.95,14.709
811,1/20/2018 23:15,930.91,14.613
812,1/20/2018 23:30,930.91,14.613
813,1/20/2018 23:45,930.91,14.613
814,1/21/2018 0:00,930.91,14.613
815,1/21/2018 0:15,930.78,14.613
816,1/21/2018 0:30,930.78,14.613
817,1/21/2018 0:45,930.91,14.613
818,1/21/2018 1:00,931.03,14.613
819,1/21/2018 1:15,931.16,14.613
820,1/21/2018 1:30,931.07,14.709
821,1/21/2018 1:45,931.23,14.804
822,1/21/2018 2:00,931.07,14.709
823,1/21/2018 2:15,931.16,14.613
824,1/21/2018 2:30,931.16,14.613
825,1/21/2018 2:45,931.03,14.613
826,1/21/2018 3:00,930.91,14.613
827,1/21/2018 3:15,930.78,14.613
828,1/21/2018 3:30,930.82,14.709
829,1/21/2018 3:45,930.7,14.709
830,1/21/2018 4:00,930.66,14.613
831,1/21/2018 4:15,930.91,14.613
832,1/21/2018 4:30,930.78,14.613
833,1/21/2018 4:45,930.91,14.613
834,1/21/2018 5:00,930.78,14.613
835,1/21/2018 5:15,931.16,14.613
836,1/21/2018 5:30,931.28,14.613
837,1/21/2018 5:45,931.4,14.613
838,1/21/2018 6:00,931.44,14.709
839,1/21/2018 6:15,931.69,14.709
840,1/21/2018 6:30,931.69,14.709
841,1/21/2018 6:45,931.94,14.709
842,1/21/2018 7:00,931.9,14.613
843,1/21/2018 7:15,932.03,14.613
844,1/21/2018 7:30,932.15,14.613
845,1/21/2018 7:45,932.43,14.709
846,1/21/2018 8:00,932.43,14.709
847,1/21/2018 8:15,932.69,14.709
848,1/21/2018 8:30,932.81,14.709
849,1/21/2018 8:45,932.93,14.709
850,1/21/2018 9:00,933.18,14.709
851,1/21/2018 9:15,933.55,14.709
852,1/21/2018 9:30,933.64,14.613
853,1/21/2018 9:45,934.01,14.613
854,1/21/2018 10:00,933.89,14.613
855,1/21/2018 10:15,934.01,14.613
856,1/21/2018 10:30,934.13,14.613
857,1/21/2018 10:45,934.05,14.709
858,1/21/2018 11:00,933.8,14.709
859,1/21/2018 11:15,933.55,14.709
860,1/21/2018 11:30,933.55,14.709
861,1/21/2018 11:45,933.43,14.709
862,1/21/2018 12:00,933.3,14.709
863,1/21/2018 12:15,933.3,14.709
864,1/21/2018 12:30,932.93,14.709
865,1/21/2018 12:45,932.69,14.709
866,1/21/2018 13:00,932.56,14.709
867,1/21/2018 13:15,932.43,14.709
868,1/21/2018 13:30,932.18,14.709
869,1/21/2018 13:45,932.31,14.709
870,1/21/2018 14:00,932.31,14.709
871,1/21/2018 14:15,932.43,14.709
872,1/21/2018 14:30,932.31,14.709
873,1/21/2018 14:45,932.43,14.709
874,1/21/2018 15:00,932.43,14.709
875,1/21/2018 15:15,932.31,14.709
876,1/21/2018 15:30,932.31,14.709
877,1/21/2018 15:45,932.31,14.709
878,1/21/2018 16:00,932.31,14.709
879,1/21/2018 16:15,932.31,14.709
880,1/21/2018 16:30,932.31,14.709
881,1/21/2018 16:45,932.06,14.709
882,1/21/2018 17:00,932.31,14.709
883,1/21/2018 17:15,932.56,14.709
884,1/21/2018 17:30,932.69,14.709
885,1/21/2018 17:45,932.69,14.709
886,1/21/2018 18:00,932.56,14.709
887,1/21/2018 18:15,932.56,14.709
888,1/21/2018 18:30,932.69,14.709
889,1/21/2018 18:45,932.69,14.709
890,1/21/2018 19:00,932.81,14.709
891,1/21/2018 19:15,932.81,14.709
892,1/21/2018 19:30,932.93,14.709
893,1/21/2018 19:45,932.81,14.709
894,1/21/2018 20:00,932.93,14.709
895,1/21/2018 20:15,932.93,14.709
896,1/21/2018 20:30,933.05,14.709
897,1/21/2018 20:45,932.93,14.709
898,1/21/2018 21:00,932.93,14.709
899,1/21/2018 21:15,933.05,14.709
900,1/21/2018 21:30,933.05,14.709
901,1/21/2018 21:45,933.05,14.709
902,1/21/2018 22:00,933.18,14.709
903,1/21/2018 22:15,933.3,14.709
904,1/21/2018 22:30,933.3,14.709
905,1/21/2018 22:45,933.3,14.709
906,1/21/2018 23:00,933.18,14.709
907,1/21/2018 23:15,933.3,14.709
908,1/21/2018 23:30,933.18,14.709
909,1/21/2018 23:45,933.05,14.709
910,1/22/2018 0:00,933.05,14.709
911,1/22/2018 0:15,933.05,14.709
912,1/22/2018 0:30,932.93,14.709
913,1/22/2018 0:45,932.93,14.709
914,1/22/2018 1:00,932.93,14.709
915,1/22/2018 1:15,932.81,14.709
916,1/22/2018 1:30,932.81,14.709
917,1/22/2018 1:45,932.81,14.709
918,1/22/2018 2:00,932.81,14.709
919,1/22/2018 2:15,932.81,14.709
920,1/22/2018 2:30,932.93,14.709
921,1/22/2018 2:45,932.69,14.709
922,1/22/2018 3:00,932.56,14.709
923,1/22/2018 3:15,932.56,14.709
924,1/22/2018 3:30,932.43,14.709
925,1/22/2018 3:45,932.43,14.709
926,1/22/2018 4:00,932.31,14.709
927,1/22/2018 4:15,932.31,14.709
928,1/22/2018 4:30,932.18,14.709
929,1/22/2018 4:45,932.18,14.709
930,1/22/2018 5:00,932.06,14.709
931,1/22/2018 5:15,932.18,14.709
932,1/22/2018 5:30,932.18,14.709
933,1/22/2018 5:45,932.31,14.709
934,1/22/2018 6:00,932.31,14.709
935,1/22/2018 6:15,932.31,14.709
936,1/22/2018 6:30,932.06,14.709
937,1/22/2018 6:45,932.18,14.709
938,1/22/2018 7:00,932.18,14.709
939,1/22/2018 7:15,932.18,14.709
940,1/22/2018 7:30,932.06,14.709
941,1/22/2018 7:45,932.06,14.709
942,1/22/2018 8:00,931.94,14.709
943,1/22/2018 8:15,932.18,14.709
944,1/22/2018 8:30,932.06,14.709
945,1/22/2018 8:45,932.31,14.709
946,1/22/2018 9:00,932.31,14.709
947,1/22/2018 9:15,932.31,14.709
948,1/22/2018 9:30,932.31,14.709
949,1/22/2018 9:45,932.43,14.709
950,1/22/2018 10:00,932.6,14.804
951,1/22/2018 10:15,932.43,14.709
952,1/22/2018 10:30,932.56,14.709
953,1/22/2018 10:45,932.43,14.709
954,1/22/2018 11:00,932.06,14.709
955,1/22/2018 11:15,931.82,14.709
956,1/22/2018 11:30,931.69,14.709
957,1/22/2018 11:45,931.61,14.804
958,1/22/2018 12:00,931.73,14.804
959,1/22/2018 12:15,931.61,14.804
960,1/22/2018 12:30,931.35,14.804
961,1/22/2018 12:45,930.98,14.804
962,1/22/2018 13:00,930.7,14.709
963,1/22/2018 13:15,930.44,14.709
964,1/22/2018 13:30,930.44,14.709
965,1/22/2018 13:45,930.32,14.709
966,1/22/2018 14:00,930.32,14.709
967,1/22/2018 14:15,930.32,14.709
968,1/22/2018 14:30,930.23,14.804
969,1/22/2018 14:45,930.23,14.804
970,1/22/2018 15:00,930.23,14.804
971,1/22/2018 15:15,930.11,14.804
972,1/22/2018 15:30,930.11,14.804
973,1/22/2018 15:45,929.83,14.709
974,1/22/2018 16:00,929.7,14.709
975,1/22/2018 16:15,929.7,14.709
976,1/22/2018 16:30,929.62,14.804
977,1/22/2018 16:45,929.74,14.804
978,1/22/2018 17:00,929.87,14.804
979,1/22/2018 17:15,930.11,14.804
980,1/22/2018 17:30,930.11,14.804
981,1/22/2018 17:45,930.2,14.709
982,1/22/2018 18:00,930.44,14.709
983,1/22/2018 18:15,930.44,14.709
984,1/22/2018 18:30,930.44,14.709
985,1/22/2018 18:45,930.44,14.709
986,1/22/2018 19:00,930.49,14.804
987,1/22/2018 19:15,930.49,14.804
988,1/22/2018 19:30,930.49,14.804
989,1/22/2018 19:45,930.36,14.804
990,1/22/2018 20:00,930.36,14.804
991,1/22/2018 20:15,930.36,14.804
992,1/22/2018 20:30,930.11,14.804
993,1/22/2018 20:45,930.08,14.709
994,1/22/2018 21:00,930.2,14.709
995,1/22/2018 21:15,929.95,14.709
996,1/22/2018 21:30,929.99,14.804
997,1/22/2018 21:45,929.99,14.804
998,1/22/2018 22:00,929.99,14.804
999,1/22/2018 22:15,930.11,14.804
1000,1/22/2018 22:30,930.11,14.804
1001,1/22/2018 22:45,930.36,14.804
1002,1/22/2018 23:00,930.11,14.804
1003,1/22/2018 23:15,929.99,14.804
1004,1/22/2018 23:30,929.99,14.804
1005,1/22/2018 23:45,929.99,14.804
1006,1/23/2018 0:00,929.87,14.804
1007,1/23/2018 0:15,929.87,14.804
1008,1/23/2018 0:30,929.99,14.804
1009,1/23/2018 0:45,929.87,14.804
1010,1/23/2018 1:00,929.87,14.804
1011,1/23/2018 1:15,929.87,14.804
1012,1/23/2018 1:30,929.99,14.804
1013,1/23/2018 1:45,929.87,14.804
1014,1/23/2018 2:00,929.87,14.804
1015,1/23/2018 2:15,929.74,14.804
1016,1/23/2018 2:30,929.74,14.804
1017,1/23/2018 2:45,929.74,14.804
1018,1/23/2018 3:00,929.74,14.804
1019,1/23/2018 3:15,929.74,14.804
1020,1/23/2018 3:30,929.49,14.804
1021,1/23/2018 3:45,929.49,14.804
1022,1/23/2018 4:00,929.62,14.804
1023,1/23/2018 4:15,929.37,14.804
1024,1/23/2018 4:30,929.24,14.804
1025,1/23/2018 4:45,929,14.804
1026,1/23/2018 5:00,929,14.804
1027,1/23/2018 5:15,929.12,14.804
1028,1/23/2018 5:30,929.24,14.804
1029,1/23/2018 5:45,929.24,14.804
1030,1/23/2018 6:00,929.49,14.804
1031,1/23/2018 6:15,929.37,14.804
1032,1/23/2018 6:30,929.49,14.804
1033,1/23/2018 6:45,929.62,14.804
1034,1/23/2018 7:00,929.74,14.804
1035,1/23/2018 7:15,929.62,14.804
1036,1/23/2018 7:30,929.62,14.804
1037,1/23/2018 7:45,929.74,14.804
1038,1/23/2018 8:00,929.87,14.804
1039,1/23/2018 8:15,929.99,14.804
1040,1/23/2018 8:30,929.99,14.804
1041,1/23/2018 8:45,929.99,14.804
1042,1/23/2018 9:00,929.99,14.804
1043,1/23/2018 9:15,930.11,14.804
1044,1/23/2018 9:30,930.36,14.804
1045,1/23/2018 9:45,930.36,14.804
1046,1/23/2018 10:00,930.49,14.804
1047,1/23/2018 10:15,930.49,14.804
1048,1/23/2018 10:30,930.49,14.804
1049,1/23/2018 10:45,930.74,14.804
1050,1/23/2018 11:00,930.36,14.804
1051,1/23/2018 11:15,930.23,14.804
1052,1/23/2018 11:30,930.11,14.804
1053,1/23/2018 11:45,929.99,14.804
1054,1/23/2018 12:00,929.74,14.804
1055,1/23/2018 12:15,929.62,14.804
1056,1/23/2018 12:30,929.49,14.804
1057,1/23/2018 12:45,929.24,14.804
1058,1/23/2018 13:00,929,14.804
1059,1/23/2018 13:15,928.87,14.804
1060,1/23/2018 13:30,928.62,14.804
1061,1/23/2018 13:45,928.62,14.804
1062,1/23/2018 14:00,928.37,14.804
1063,1/23/2018 14:15,928.5,14.804
1064,1/23/2018 14:30,928.37,14.804
1065,1/23/2018 14:45,928.5,14.804
1066,1/23/2018 15:00,928.5,14.804
1067,1/23/2018 15:15,928.5,14.804
1068,1/23/2018 15:30,928.37,14.804
1069,1/23/2018 15:45,928.37,14.804
1070,1/23/2018 16:00,928.37,14.804
1071,1/23/2018 16:15,928.37,14.804
1072,1/23/2018 16:30,928.25,14.804
1073,1/23/2018 16:45,928.29,14.9
1074,1/23/2018 17:00,928.41,14.9
1075,1/23/2018 17:15,928.54,14.9
1076,1/23/2018 17:30,928.62,14.804
1077,1/23/2018 17:45,928.75,14.804
1078,1/23/2018 18:00,928.62,14.804
1079,1/23/2018 18:15,928.87,14.804
1080,1/23/2018 18:30,928.75,14.804
1081,1/23/2018 18:45,928.87,14.804
1082,1/23/2018 19:00,928.75,14.804
1083,1/23/2018 19:15,928.75,14.804
1084,1/23/2018 19:30,928.79,14.9
1085,1/23/2018 19:45,928.75,14.804
1086,1/23/2018 20:00,928.87,14.804
1087,1/23/2018 20:15,928.87,14.804
1088,1/23/2018 20:30,929,14.804
1089,1/23/2018 20:45,929,14.804
1090,1/23/2018 21:00,928.87,14.804
1091,1/23/2018 21:15,929,14.804
1092,1/23/2018 21:30,929,14.804
1093,1/23/2018 21:45,929.03,14.9
1094,1/23/2018 22:00,929.16,14.9
1095,1/23/2018 22:15,929.03,14.9
1096,1/23/2018 22:30,929.16,14.9
1097,1/23/2018 22:45,929.16,14.9
1098,1/23/2018 23:00,929.16,14.9
1099,1/23/2018 23:15,929.16,14.9
1100,1/23/2018 23:30,929.12,14.804
1101,1/23/2018 23:45,929,14.804
1102,1/24/2018 0:00,929,14.804
1103,1/24/2018 0:15,928.87,14.804
1104,1/24/2018 0:30,928.87,14.804
1105,1/24/2018 0:45,928.75,14.804
1106,1/24/2018 1:00,928.66,14.9
1107,1/24/2018 1:15,928.66,14.9
1108,1/24/2018 1:30,928.62,14.804
1109,1/24/2018 1:45,928.62,14.804
1110,1/24/2018 2:00,928.54,14.9
1111,1/24/2018 2:15,928.54,14.9
1112,1/24/2018 2:30,928.41,14.9
1113,1/24/2018 2:45,928.29,14.9
1114,1/24/2018 3:00,928.29,14.9
1115,1/24/2018 3:15,928.04,14.9
1116,1/24/2018 3:30,928.04,14.9
1117,1/24/2018 3:45,928.04,14.9
1118,1/24/2018 4:00,928.04,14.9
1119,1/24/2018 4:15,928,14.804
1120,1/24/2018 4:30,928.04,14.9
1121,1/24/2018 4:45,928,14.804
1122,1/24/2018 5:00,928.16,14.9
1123,1/24/2018 5:15,928.16,14.9
1124,1/24/2018 5:30,928.29,14.9
1125,1/24/2018 5:45,928.29,14.9
1126,1/24/2018 6:00,928.41,14.9
1127,1/24/2018 6:15,928.29,14.9
1128,1/24/2018 6:30,928.29,14.9
1129,1/24/2018 6:45,928.41,14.9
1130,1/24/2018 7:00,928.54,14.9
1131,1/24/2018 7:15,928.5,14.804
1132,1/24/2018 7:30,928.5,14.804
1133,1/24/2018 7:45,928.75,14.804
1134,1/24/2018 8:00,928.66,14.9
1135,1/24/2018 8:15,928.66,14.9
1136,1/24/2018 8:30,928.79,14.9
1137,1/24/2018 8:45,928.91,14.9
1138,1/24/2018 9:00,929.03,14.9
1139,1/24/2018 9:15,929.16,14.9
1140,1/24/2018 9:30,929.03,14.9
1141,1/24/2018 9:45,929.03,14.9
1142,1/24/2018 10:00,929.28,14.9
1143,1/24/2018 10:15,929.16,14.9
1144,1/24/2018 10:30,929.03,14.9
1145,1/24/2018 10:45,928.75,14.804
1146,1/24/2018 11:00,928.5,14.804
1147,1/24/2018 11:15,928.41,14.9
1148,1/24/2018 11:30,928.29,14.9
1149,1/24/2018 11:45,928.04,14.9
1150,1/24/2018 12:00,928.16,14.9
1151,1/24/2018 12:15,928.16,14.9
1152,1/24/2018 12:30,927.92,14.9
1153,1/24/2018 12:45,927.79,14.9
1154,1/24/2018 13:00,927.54,14.9
1155,1/24/2018 13:15,927.29,14.9
1156,1/24/2018 13:30,926.93,14.9
1157,1/24/2018 13:45,926.8,14.9
1158,1/24/2018 14:00,926.8,14.9
1159,1/24/2018 14:15,926.8,14.9
1160,1/24/2018 14:30,926.8,14.9
1161,1/24/2018 14:45,926.76,14.804
1162,1/24/2018 15:00,926.67,14.9
1163,1/24/2018 15:15,926.67,14.9
1164,1/24/2018 15:30,926.55,14.9
1165,1/24/2018 15:45,926.42,14.9
1166,1/24/2018 16:00,926.55,14.9
1167,1/24/2018 16:15,926.8,14.9
1168,1/24/2018 16:30,926.67,14.9
1169,1/24/2018 16:45,926.76,14.804
1170,1/24/2018 17:00,926.76,14.804
1171,1/24/2018 17:15,926.67,14.9
1172,1/24/2018 17:30,926.8,14.9
1173,1/24/2018 17:45,926.8,14.9
1174,1/24/2018 18:00,926.67,14.9
1175,1/24/2018 18:15,926.8,14.9
1176,1/24/2018 18:30,926.55,14.9
1177,1/24/2018 18:45,926.67,14.9
1178,1/24/2018 19:00,926.55,14.9
1179,1/24/2018 19:15,926.42,14.9
1180,1/24/2018 19:30,926.55,14.9
1181,1/24/2018 19:45,926.3,14.9
1182,1/24/2018 20:00,926.42,14.9
1183,1/24/2018 20:15,926.3,14.9
1184,1/24/2018 20:30,926.42,14.9
1185,1/24/2018 20:45,926.3,14.9
1186,1/24/2018 21:00,926.42,14.9
1187,1/24/2018 21:15,926.42,14.9
1188,1/24/2018 21:30,926.67,14.9
1189,1/24/2018 21:45,926.55,14.9
1190,1/24/2018 22:00,926.55,14.9
1191,1/24/2018 22:15,926.8,14.9
1192,1/24/2018 22:30,926.67,14.9
1193,1/24/2018 22:45,926.8,14.9
1194,1/24/2018 23:00,926.67,14.9
1195,1/24/2018 23:15,926.67,14.9
1196,1/24/2018 23:30,926.8,14.9
1197,1/24/2018 23:45,926.67,14.9
1198,1/25/2018 0:00,926.55,14.9
1199,1/25/2018 0:15,926.55,14.9
1200,1/25/2018 0:30,926.55,14.9
1201,1/25/2018 0:45,926.55,14.9
1202,1/25/2018 1:00,926.42,14.9
1203,1/25/2018 1:15,926.42,14.9
1204,1/25/2018 1:30,926.42,14.9
1205,1/25/2018 1:45,926.3,14.9
1206,1/25/2018 2:00,926.3,14.9
1207,1/25/2018 2:15,926.3,14.9
1208,1/25/2018 2:30,926.3,14.9
1209,1/25/2018 2:45,926.18,14.9
1210,1/25/2018 3:00,926.18,14.9
1211,1/25/2018 3:15,926.06,14.9
1212,1/25/2018 3:30,926.06,14.9
1213,1/25/2018 3:45,926.18,14.9
1214,1/25/2018 4:00,926.06,14.9
1215,1/25/2018 4:15,926.18,14.9
1216,1/25/2018 4:30,926.06,14.9
1217,1/25/2018 4:45,926.18,14.9
1218,1/25/2018 5:00,926.18,14.9
1219,1/25/2018 5:15,926.06,14.9
1220,1/25/2018 5:30,926.18,14.9
1221,1/25/2018 5:45,926.3,14.9
1222,1/25/2018 6:00,926.42,14.9
1223,1/25/2018 6:15,926.42,14.9
1224,1/25/2018 6:30,926.55,14.9
1225,1/25/2018 6:45,926.55,14.9
1226,1/25/2018 7:00,926.55,14.9
1227,1/25/2018 7:15,926.67,14.9
1228,1/25/2018 7:30,926.8,14.9
1229,1/25/2018 7:45,926.71,14.996
1230,1/25/2018 8:00,926.8,14.9
1231,1/25/2018 8:15,926.93,14.9
1232,1/25/2018 8:30,927.17,14.9
1233,1/25/2018 8:45,927.29,14.9
1234,1/25/2018 9:00,927.17,14.9
1235,1/25/2018 9:15,927.29,14.9
1236,1/25/2018 9:30,927.33,14.996
1237,1/25/2018 9:45,927.33,14.996
1238,1/25/2018 10:00,927.42,14.9
1239,1/25/2018 10:15,927.33,14.996
1240,1/25/2018 10:30,927.46,14.996
1241,1/25/2018 10:45,927.29,14.9
1242,1/25/2018 11:00,927.05,14.9
1243,1/25/2018 11:15,926.93,14.9
1244,1/25/2018 11:30,926.8,14.9
1245,1/25/2018 11:45,926.75,15.091
1246,1/25/2018 12:00,926.5,15.091
1247,1/25/2018 12:15,926.55,14.9
1248,1/25/2018 12:30,926.39,14.804
1249,1/25/2018 12:45,926.18,14.9
1250,1/25/2018 13:00,926.02,14.804
1251,1/25/2018 13:15,926.06,14.9
1252,1/25/2018 13:30,926.09,14.996
1253,1/25/2018 13:45,926.13,15.091
1254,1/25/2018 14:00,926,15.091
1255,1/25/2018 14:15,926.06,14.9
1256,1/25/2018 14:30,926.06,14.9
1257,1/25/2018 14:45,926.27,14.804
1258,1/25/2018 15:00,926.67,14.9
1259,1/25/2018 15:15,926.59,14.996
1260,1/25/2018 15:30,926.5,15.091
1261,1/25/2018 15:45,926.84,14.996
1262,1/25/2018 16:00,926.8,14.9
1263,1/25/2018 16:15,926.8,14.9
1264,1/25/2018 16:30,926.93,14.9
1265,1/25/2018 16:45,926.8,14.9
1266,1/25/2018 17:00,927.05,14.9
1267,1/25/2018 17:15,927.33,14.996
1268,1/25/2018 17:30,927.42,14.9
1269,1/25/2018 17:45,927.67,14.9
1270,1/25/2018 18:00,927.79,14.9
1271,1/25/2018 18:15,927.92,14.9
1272,1/25/2018 18:30,928.12,15.091
1273,1/25/2018 18:45,928.12,15.091
1274,1/25/2018 19:00,928.08,14.996
1275,1/25/2018 19:15,928.16,14.9
1276,1/25/2018 19:30,928.29,14.9
1277,1/25/2018 19:45,928.41,14.9
1278,1/25/2018 20:00,928.54,14.9
1279,1/25/2018 20:15,928.41,14.9
1280,1/25/2018 20:30,928.45,14.996
1281,1/25/2018 20:45,928.79,14.9
1282,1/25/2018 21:00,928.79,14.9
1283,1/25/2018 21:15,928.79,14.9
1284,1/25/2018 21:30,929.28,14.9
1285,1/25/2018 21:45,929.28,14.9
1286,1/25/2018 22:00,929.28,14.9
1287,1/25/2018 22:15,929.53,14.9
1288,1/25/2018 22:30,929.57,14.996
1289,1/25/2018 22:45,929.81,14.996
1290,1/25/2018 23:00,929.94,14.996
1291,1/25/2018 23:15,930.06,14.996
1292,1/25/2018 23:30,929.94,14.996
1293,1/25/2018 23:45,930.06,14.996
1294,1/26/2018 0:00,930.02,14.9
1295,1/26/2018 0:15,929.9,14.9
1296,1/26/2018 0:30,929.9,14.9
1297,1/26/2018 0:45,929.78,14.9
1298,1/26/2018 1:00,929.81,14.996
1299,1/26/2018 1:15,929.94,14.996
1300,1/26/2018 1:30,930.06,14.996
1301,1/26/2018 1:45,930.19,14.996
1302,1/26/2018 2:00,930.32,14.996
1303,1/26/2018 2:15,930.19,14.996
1304,1/26/2018 2:30,930.19,14.996
1305,1/26/2018 2:45,930.06,14.996
1306,1/26/2018 3:00,930.19,14.996
1307,1/26/2018 3:15,930.19,14.996
1308,1/26/2018 3:30,930.32,14.996
1309,1/26/2018 3:45,930.06,14.996
1310,1/26/2018 4:00,930.19,14.996
1311,1/26/2018 4:15,930.19,14.996
1312,1/26/2018 4:30,930.06,14.996
1313,1/26/2018 4:45,930.19,14.996
1314,1/26/2018 5:00,930.06,14.996
1315,1/26/2018 5:15,930.19,14.996
1316,1/26/2018 5:30,930.32,14.996
1317,1/26/2018 5:45,930.32,14.996
1318,1/26/2018 6:00,930.44,14.996
1319,1/26/2018 6:15,930.44,14.996
1320,1/26/2018 6:30,930.56,14.996
1321,1/26/2018 6:45,930.68,14.996
1322,1/26/2018 7:00,930.56,14.996
1323,1/26/2018 7:15,930.81,14.996
1324,1/26/2018 7:30,930.81,14.996
1325,1/26/2018 7:45,930.81,14.996
1326,1/26/2018 8:00,930.93,14.996
1327,1/26/2018 8:15,930.81,14.996
1328,1/26/2018 8:30,930.93,14.996
1329,1/26/2018 8:45,931.06,14.996
1330,1/26/2018 9:00,931.06,14.996
1331,1/26/2018 9:15,931.31,14.996
1332,1/26/2018 9:30,931.43,14.996
1333,1/26/2018 9:45,931.31,14.996
1334,1/26/2018 10:00,931.55,14.996
1335,1/26/2018 10:15,931.76,14.9
1336,1/26/2018 10:30,931.76,14.9
1337,1/26/2018 10:45,931.8,14.996
1338,1/26/2018 11:00,931.34,15.091
1339,1/26/2018 11:15,931.1,15.091
1340,1/26/2018 11:30,931.19,14.996
1341,1/26/2018 11:45,931.06,14.996
1342,1/26/2018 12:00,931.02,14.9
1343,1/26/2018 12:15,931.02,14.9
1344,1/26/2018 12:30,930.65,14.9
1345,1/26/2018 12:45,930.32,14.996
1346,1/26/2018 13:00,930.35,15.091
1347,1/26/2018 13:15,930.23,15.091
1348,1/26/2018 13:30,929.98,15.091
1349,1/26/2018 13:45,929.94,14.996
1350,1/26/2018 14:00,929.81,14.996
1351,1/26/2018 14:15,929.81,14.996
1352,1/26/2018 14:30,929.69,14.996
1353,1/26/2018 14:45,929.69,14.996
1354,1/26/2018 15:00,929.69,14.996
1355,1/26/2018 15:15,929.69,14.996
1356,1/26/2018 15:30,929.81,14.996
1357,1/26/2018 15:45,929.57,14.996
1358,1/26/2018 16:00,929.45,14.996
1359,1/26/2018 16:15,929.32,14.996
1360,1/26/2018 16:30,929.24,15.091
1361,1/26/2018 16:45,929.24,15.091
1362,1/26/2018 17:00,929.36,15.091
1363,1/26/2018 17:15,929.6,15.091
1364,1/26/2018 17:30,929.94,14.996
1365,1/26/2018 17:45,929.81,14.996
1366,1/26/2018 18:00,929.94,14.996
1367,1/26/2018 18:15,930.06,14.996
1368,1/26/2018 18:30,930.19,14.996
1369,1/26/2018 18:45,930.32,14.996
1370,1/26/2018 19:00,930.32,14.996
1371,1/26/2018 19:15,930.32,14.996
1372,1/26/2018 19:30,930.72,15.091
1373,1/26/2018 19:45,930.56,14.996
1374,1/26/2018 20:00,930.72,15.091
1375,1/26/2018 20:15,930.72,15.091
1376,1/26/2018 20:30,930.72,15.091
1377,1/26/2018 20:45,930.68,14.996
1378,1/26/2018 21:00,930.93,14.996
1379,1/26/2018 21:15,930.93,14.996
1380,1/26/2018 21:30,930.81,14.996
1381,1/26/2018 21:45,930.93,14.996
1382,1/26/2018 22:00,930.93,14.996
1383,1/26/2018 22:15,930.93,14.996
1384,1/26/2018 22:30,930.93,14.996
1385,1/26/2018 22:45,930.81,14.996
1386,1/26/2018 23:00,930.93,14.996
1387,1/26/2018 23:15,930.68,14.996
1388,1/26/2018 23:30,930.68,14.996
1389,1/26/2018 23:45,930.81,14.996
1390,1/27/2018 0:00,930.97,15.091
1391,1/27/2018 0:15,930.97,15.091
1392,1/27/2018 0:30,930.85,15.091
1393,1/27/2018 0:45,930.6,15.091
1394,1/27/2018 1:00,930.85,15.091
1395,1/27/2018 1:15,930.85,15.091
1396,1/27/2018 1:30,930.85,15.091
1397,1/27/2018 1:45,930.81,14.996
1398,1/27/2018 2:00,930.81,14.996
1399,1/27/2018 2:15,930.72,15.091
1400,1/27/2018 2:30,930.68,14.996
1401,1/27/2018 2:45,930.68,14.996
1402,1/27/2018 3:00,930.6,15.091
1403,1/27/2018 3:15,930.44,14.996
1404,1/27/2018 3:30,930.47,15.091
1405,1/27/2018 3:45,930.6,15.091
1406,1/27/2018 4:00,930.47,15.091
1407,1/27/2018 4:15,930.47,15.091
1408,1/27/2018 4:30,930.35,15.091
1409,1/27/2018 4:45,930.35,15.091
1410,1/27/2018 5:00,930.35,15.091
1411,1/27/2018 5:15,930.47,15.091
1412,1/27/2018 5:30,930.47,15.091
1413,1/27/2018 5:45,930.47,15.091
1414,1/27/2018 6:00,930.44,14.996
1415,1/27/2018 6:15,930.6,15.091
1416,1/27/2018 6:30,930.72,15.091
1417,1/27/2018 6:45,930.85,15.091
1418,1/27/2018 7:00,930.85,15.091
1419,1/27/2018 7:15,930.97,15.091
1420,1/27/2018 7:30,931.1,15.091
1421,1/27/2018 7:45,931.1,15.091
1422,1/27/2018 8:00,931.22,15.091
1423,1/27/2018 8:15,931.1,15.091
1424,1/27/2018 8:30,931.22,15.091
1425,1/27/2018 8:45,931.22,15.091
1426,1/27/2018 9:00,931.22,15.091
1427,1/27/2018 9:15,931.1,15.091
1428,1/27/2018 9:30,931.22,15.091
1429,1/27/2018 9:45,931.34,15.091
1430,1/27/2018 10:00,931.22,15.091
1431,1/27/2018 10:15,931.22,15.091
1432,1/27/2018 10:30,931.22,15.091
1433,1/27/2018 10:45,931.34,15.091
1434,1/27/2018 11:00,931.1,15.091
1435,1/27/2018 11:15,930.72,15.091
1436,1/27/2018 11:30,930.6,15.091
1437,1/27/2018 11:45,930.47,15.091
1438,1/27/2018 12:00,930.47,15.091
1439,1/27/2018 12:15,930.47,15.091
1440,1/27/2018 12:30,930.47,15.091
1441,1/27/2018 12:45,929.85,15.091
1442,1/27/2018 13:00,929.6,15.091
1443,1/27/2018 13:15,929.6,15.091
1444,1/27/2018 13:30,929.6,15.091
1445,1/27/2018 13:45,929.36,15.091
1446,1/27/2018 14:00,929.6,15.091
1447,1/27/2018 14:15,929.48,15.091
1448,1/27/2018 14:30,929.48,15.091
1449,1/27/2018 14:45,929.24,15.091
1450,1/27/2018 15:00,929.11,15.091
1451,1/27/2018 15:15,928.99,15.091
1452,1/27/2018 15:30,928.99,15.091
1453,1/27/2018 15:45,928.99,15.091
1454,1/27/2018 16:00,928.86,15.091
1455,1/27/2018 16:15,929.11,15.091
1456,1/27/2018 16:30,929.11,15.091
1457,1/27/2018 16:45,928.86,15.091
1458,1/27/2018 17:00,928.99,15.091
1459,1/27/2018 17:15,929.36,15.091
1460,1/27/2018 17:30,929.36,15.091
1461,1/27/2018 17:45,929.48,15.091
1462,1/27/2018 18:00,929.48,15.091
1463,1/27/2018 18:15,929.24,15.091
1464,1/27/2018 18:30,929.48,15.091
1465,1/27/2018 18:45,929.48,15.091
1466,1/27/2018 19:00,929.48,15.091
1467,1/27/2018 19:15,929.6,15.091
1468,1/27/2018 19:30,929.85,15.091
1469,1/27/2018 19:45,929.73,15.091
1470,1/27/2018 20:00,929.85,15.091
1471,1/27/2018 20:15,929.6,15.091
1472,1/27/2018 20:30,929.85,15.091
1473,1/27/2018 20:45,929.85,15.091
1474,1/27/2018 21:00,929.85,15.091
1475,1/27/2018 21:15,929.98,15.091
1476,1/27/2018 21:30,929.98,15.091
1477,1/27/2018 21:45,930.11,15.091
1478,1/27/2018 22:00,930.23,15.091
1479,1/27/2018 22:15,930.23,15.091
1480,1/27/2018 22:30,930.11,15.091
1481,1/27/2018 22:45,930.11,15.091
1482,1/27/2018 23:00,930.11,15.091
1483,1/27/2018 23:15,930.23,15.091
1484,1/27/2018 23:30,930.35,15.091
1485,1/27/2018 23:45,930.23,15.091
1486,1/28/2018 0:00,930.35,15.091
1487,1/28/2018 0:15,930.47,15.091
1488,1/28/2018 0:30,930.47,15.091
1489,1/28/2018 0:45,930.23,15.091
1490,1/28/2018 1:00,930.23,15.091
1491,1/28/2018 1:15,930.11,15.091
1492,1/28/2018 1:30,930.23,15.091
1493,1/28/2018 1:45,930.35,15.091
1494,1/28/2018 2:00,930.35,15.091
1495,1/28/2018 2:15,930.23,15.091
1496,1/28/2018 2:30,930.23,15.091
1497,1/28/2018 2:45,929.98,15.091
1498,1/28/2018 3:00,929.73,15.091
1499,1/28/2018 3:15,929.73,15.091
1500,1/28/2018 3:30,929.6,15.091
1501,1/28/2018 3:45,929.48,15.091
1502,1/28/2018 4:00,929.48,15.091
1503,1/28/2018 4:15,929.6,15.091
1504,1/28/2018 4:30,929.48,15.091
1505,1/28/2018 4:45,929.6,15.091
1506,1/28/2018 5:00,929.48,15.091
1507,1/28/2018 5:15,929.48,15.091
1508,1/28/2018 5:30,929.85,15.091
1509,1/28/2018 5:45,929.85,15.091
1510,1/28/2018 6:00,929.73,15.091
1511,1/28/2018 6:15,929.6,15.091
1512,1/28/2018 6:30,929.85,15.091
1513,1/28/2018 6:45,929.73,15.091
1514,1/28/2018 7:00,930.11,15.091
1515,1/28/2018 7:15,930.11,15.091
1516,1/28/2018 7:30,930.23,15.091
1517,1/28/2018 7:45,930.47,15.091
1518,1/28/2018 8:00,930.47,15.091
1519,1/28/2018 8:15,930.47,15.091
1520,1/28/2018 8:30,930.39,15.187
1521,1/28/2018 8:45,930.39,15.187
1522,1/28/2018 9:00,930.47,15.091
1523,1/28/2018 9:15,930.6,15.091
1524,1/28/2018 9:30,930.6,15.091
1525,1/28/2018 9:45,930.6,15.091
1526,1/28/2018 10:00,930.6,15.091
1527,1/28/2018 10:15,930.72,15.091
1528,1/28/2018 10:30,930.76,15.187
1529,1/28/2018 10:45,930.76,15.187
1530,1/28/2018 11:00,930.35,15.091
1531,1/28/2018 11:15,930.23,15.091
1532,1/28/2018 11:30,930.02,15.187
1533,1/28/2018 11:45,929.85,15.091
1534,1/28/2018 12:00,929.73,15.091
1535,1/28/2018 12:15,929.6,15.091
1536,1/28/2018 12:30,929.48,15.091
1537,1/28/2018 12:45,929.11,15.091
1538,1/28/2018 13:00,928.9,15.187
1539,1/28/2018 13:15,928.77,15.187
1540,1/28/2018 13:30,928.52,15.187
1541,1/28/2018 13:45,928.49,15.091
1542,1/28/2018 14:00,928.37,15.091
1543,1/28/2018 14:15,928.24,15.091
1544,1/28/2018 14:30,928.12,15.091
1545,1/28/2018 14:45,928.16,15.187
1546,1/28/2018 15:00,928.16,15.187
1547,1/28/2018 15:15,928.12,15.091
1548,1/28/2018 15:30,927.99,15.091
1549,1/28/2018 15:45,927.91,15.187
1550,1/28/2018 16:00,927.91,15.187
1551,1/28/2018 16:15,927.91,15.187
1552,1/28/2018 16:30,927.91,15.187
1553,1/28/2018 16:45,928.03,15.187
1554,1/28/2018 17:00,927.87,15.091
1555,1/28/2018 17:15,928.16,15.187
1556,1/28/2018 17:30,928.28,15.187
1557,1/28/2018 17:45,928.28,15.187
1558,1/28/2018 18:00,928.28,15.187
1559,1/28/2018 18:15,928.4,15.187
1560,1/28/2018 18:30,928.28,15.187
1561,1/28/2018 18:45,928.37,15.091
1562,1/28/2018 19:00,928.37,15.091
1563,1/28/2018 19:15,928.49,15.091
1564,1/28/2018 19:30,928.4,15.187
1565,1/28/2018 19:45,928.52,15.187
1566,1/28/2018 20:00,928.52,15.187
1567,1/28/2018 20:15,928.77,15.187
1568,1/28/2018 20:30,928.86,15.091
1569,1/28/2018 20:45,928.86,15.091
1570,1/28/2018 21:00,928.73,15.091
1571,1/28/2018 21:15,928.9,15.187
1572,1/28/2018 21:30,928.9,15.187
1573,1/28/2018 21:45,928.77,15.187
1574,1/28/2018 22:00,929.03,15.187
1575,1/28/2018 22:15,929.03,15.187
1576,1/28/2018 22:30,929.03,15.187
1577,1/28/2018 22:45,929.03,15.187
1578,1/28/2018 23:00,929.03,15.187
1579,1/28/2018 23:15,929.15,15.187
1580,1/28/2018 23:30,929.15,15.187
1581,1/28/2018 23:45,929.39,15.187
1582,1/29/2018 0:00,929.15,15.187
1583,1/29/2018 0:15,929.39,15.187
1584,1/29/2018 0:30,929.15,15.187
1585,1/29/2018 0:45,929.03,15.187
1586,1/29/2018 1:00,929.03,15.187
1587,1/29/2018 1:15,929.03,15.187
1588,1/29/2018 1:30,929.03,15.187
1589,1/29/2018 1:45,928.9,15.187
1590,1/29/2018 2:00,928.77,15.187
1591,1/29/2018 2:15,928.65,15.187
1592,1/29/2018 2:30,928.4,15.187
1593,1/29/2018 2:45,928.16,15.187
1594,1/29/2018 3:00,928.16,15.187
1595,1/29/2018 3:15,928.16,15.187
1596,1/29/2018 3:30,927.91,15.187
1597,1/29/2018 3:45,927.65,15.187
1598,1/29/2018 4:00,927.78,15.187
1599,1/29/2018 4:15,927.78,15.187
1600,1/29/2018 4:30,927.91,15.187
1601,1/29/2018 4:45,928.03,15.187
1602,1/29/2018 5:00,927.91,15.187
1603,1/29/2018 5:15,927.78,15.187
1604,1/29/2018 5:30,927.78,15.187
1605,1/29/2018 5:45,927.65,15.187
1606,1/29/2018 6:00,927.65,15.187
1607,1/29/2018 6:15,927.91,15.187
1608,1/29/2018 6:30,927.78,15.187
1609,1/29/2018 6:45,927.91,15.187
1610,1/29/2018 7:00,928.03,15.187
1611,1/29/2018 7:15,928.03,15.187
1612,1/29/2018 7:30,928.03,15.187
1613,1/29/2018 7:45,928.16,15.187
1614,1/29/2018 8:00,928.28,15.187
1615,1/29/2018 8:15,928.52,15.187
1616,1/29/2018 8:30,928.52,15.187
1617,1/29/2018 8:45,928.65,15.187
1618,1/29/2018 9:00,928.52,15.187
1619,1/29/2018 9:15,928.65,15.187
1620,1/29/2018 9:30,928.77,15.187
1621,1/29/2018 9:45,928.65,15.187
1622,1/29/2018 10:00,928.65,15.187
1623,1/29/2018 10:15,928.52,15.187
1624,1/29/2018 10:30,928.52,15.187
1625,1/29/2018 10:45,928.52,15.187
1626,1/29/2018 11:00,928.03,15.187
1627,1/29/2018 11:15,928.03,15.187
1628,1/29/2018 11:30,927.91,15.187
1629,1/29/2018 11:45,927.78,15.187
1630,1/29/2018 12:00,927.65,15.187
1631,1/29/2018 12:15,927.41,15.187
1632,1/29/2018 12:30,927.29,15.187
1633,1/29/2018 12:45,926.91,15.187
1634,1/29/2018 13:00,926.79,15.187
1635,1/29/2018 13:15,926.54,15.187
1636,1/29/2018 13:30,926.42,15.187
1637,1/29/2018 13:45,926.17,15.187
1638,1/29/2018 14:00,926.04,15.187
1639,1/29/2018 14:15,926.04,15.187
1640,1/29/2018 14:30,925.79,15.187
1641,1/29/2018 14:45,925.67,15.187
1642,1/29/2018 15:00,925.92,15.187
1643,1/29/2018 15:15,925.79,15.187
1644,1/29/2018 15:30,925.79,15.187
1645,1/29/2018 15:45,925.92,15.187
1646,1/29/2018 16:00,925.92,15.187
1647,1/29/2018 16:15,925.92,15.187
1648,1/29/2018 16:30,925.92,15.187
1649,1/29/2018 16:45,926.04,15.187
1650,1/29/2018 17:00,926.17,15.187
1651,1/29/2018 17:15,926.17,15.187
1652,1/29/2018 17:30,925.92,15.187
1653,1/29/2018 17:45,925.92,15.187
1654,1/29/2018 18:00,926.17,15.187
1655,1/29/2018 18:15,926.29,15.187
1656,1/29/2018 18:30,926.42,15.187
1657,1/29/2018 18:45,926.54,15.187
1658,1/29/2018 19:00,926.54,15.187
1659,1/29/2018 19:15,926.54,15.187
1660,1/29/2018 19:30,926.66,15.187
1661,1/29/2018 19:45,926.66,15.187
1662,1/29/2018 20:00,926.79,15.187
1663,1/29/2018 20:15,926.91,15.187
1664,1/29/2018 20:30,926.91,15.187
1665,1/29/2018 20:45,926.91,15.187
1666,1/29/2018 21:00,927.04,15.187
1667,1/29/2018 21:15,927.04,15.187
1668,1/29/2018 21:30,926.91,15.187
1669,1/29/2018 21:45,927.04,15.187
1670,1/29/2018 22:00,927.04,15.187
1671,1/29/2018 22:15,927.04,15.187
1672,1/29/2018 22:30,927.16,15.187
1673,1/29/2018 22:45,927.04,15.187
1674,1/29/2018 23:00,926.91,15.187
1675,1/29/2018 23:15,926.91,15.187
1676,1/29/2018 23:30,926.91,15.187
1677,1/29/2018 23:45,926.79,15.187
1678,1/30/2018 0:00,926.66,15.187
1679,1/30/2018 0:15,926.79,15.187
1680,1/30/2018 0:30,926.66,15.187
1681,1/30/2018 0:45,926.42,15.187
1682,1/30/2018 1:00,926.29,15.187
1683,1/30/2018 1:15,926.17,15.187
1684,1/30/2018 1:30,926.17,15.187
1685,1/30/2018 1:45,926.04,15.187
1686,1/30/2018 2:00,926.04,15.187
1687,1/30/2018 2:15,925.92,15.187
1688,1/30/2018 2:30,925.79,15.187
1689,1/30/2018 2:45,925.79,15.187
1690,1/30/2018 3:00,925.67,15.187
1691,1/30/2018 3:15,925.67,15.187
1692,1/30/2018 3:30,925.67,15.187
1693,1/30/2018 3:45,925.67,15.187
1694,1/30/2018 4:00,925.67,15.187
1695,1/30/2018 4:15,925.55,15.187
1696,1/30/2018 4:30,925.55,15.187
1697,1/30/2018 4:45,925.55,15.187
1698,1/30/2018 5:00,925.67,15.187
1699,1/30/2018 5:15,925.67,15.187
1700,1/30/2018 5:30,925.79,15.187
1701,1/30/2018 5:45,925.92,15.187
1702,1/30/2018 6:00,925.79,15.187
1703,1/30/2018 6:15,925.92,15.187
1704,1/30/2018 6:30,925.92,15.187
1705,1/30/2018 6:45,926.17,15.187
1706,1/30/2018 7:00,926.17,15.187
1707,1/30/2018 7:15,926.17,15.187
1708,1/30/2018 7:30,926.29,15.187
1709,1/30/2018 7:45,926.17,15.187
1710,1/30/2018 8:00,926.45,15.282
1711,1/30/2018 8:15,926.29,15.187
1712,1/30/2018 8:30,926.42,15.187
1713,1/30/2018 8:45,926.42,15.187
1714,1/30/2018 9:00,926.42,15.187
1715,1/30/2018 9:15,926.54,15.187
1716,1/30/2018 9:30,926.58,15.282
1717,1/30/2018 9:45,926.45,15.282
1718,1/30/2018 10:00,926.45,15.282
1719,1/30/2018 10:15,926.45,15.282
1720,1/30/2018 10:30,926.33,15.282
1721,1/30/2018 10:45,926.17,15.187
1722,1/30/2018 11:00,926.17,15.187
1723,1/30/2018 11:15,925.92,15.187
1724,1/30/2018 11:30,925.79,15.187
1725,1/30/2018 11:45,925.58,15.282
1726,1/30/2018 12:00,925.46,15.282
1727,1/30/2018 12:15,925.46,15.282
1728,1/30/2018 12:30,925.21,15.282
1729,1/30/2018 12:45,925.09,15.282
1730,1/30/2018 13:00,924.96,15.282
1731,1/30/2018 13:15,924.92,15.187
1732,1/30/2018 13:30,924.71,15.282
1733,1/30/2018 13:45,924.47,15.282
1734,1/30/2018 14:00,924.35,15.282
1735,1/30/2018 14:15,924.22,15.282
1736,1/30/2018 14:30,923.93,15.187
1737,1/30/2018 14:45,924.05,15.187
1738,1/30/2018 15:00,923.97,15.282
1739,1/30/2018 15:15,923.93,15.187
1740,1/30/2018 15:30,924.09,15.282
1741,1/30/2018 15:45,923.84,15.282
1742,1/30/2018 16:00,923.84,15.282
1743,1/30/2018 16:15,923.72,15.282
1744,1/30/2018 16:30,923.72,15.282
1745,1/30/2018 16:45,923.81,15.187
1746,1/30/2018 17:00,923.56,15.187
1747,1/30/2018 17:15,923.69,15.187
1748,1/30/2018 17:30,923.6,15.282
1749,1/30/2018 17:45,923.72,15.282
1750,1/30/2018 18:00,923.72,15.282
1751,1/30/2018 18:15,923.84,15.282
1752,1/30/2018 18:30,923.56,15.187
1753,1/30/2018 18:45,923.44,15.187
1754,1/30/2018 19:00,923.56,15.187
1755,1/30/2018 19:15,923.72,15.282
1756,1/30/2018 19:30,923.84,15.282
1757,1/30/2018 19:45,923.97,15.282
1758,1/30/2018 20:00,923.84,15.282
1759,1/30/2018 20:15,924.09,15.282
1760,1/30/2018 20:30,924.35,15.282
1761,1/30/2018 20:45,924.35,15.282
1762,1/30/2018 21:00,924.59,15.282
1763,1/30/2018 21:15,924.47,15.282
1764,1/30/2018 21:30,924.22,15.282
1765,1/30/2018 21:45,924.22,15.282
1766,1/30/2018 22:00,924.22,15.282
1767,1/30/2018 22:15,924.22,15.282
1768,1/30/2018 22:30,924.09,15.282
1769,1/30/2018 22:45,924.22,15.282
1770,1/30/2018 23:00,924.22,15.282
1771,1/30/2018 23:15,924.22,15.282
1772,1/30/2018 23:30,923.84,15.282
1773,1/30/2018 23:45,923.72,15.282
1774,1/31/2018 0:00,923.72,15.282
1775,1/31/2018 0:15,923.6,15.282
1776,1/31/2018 0:30,923.6,15.282
1777,1/31/2018 0:45,923.48,15.282
1778,1/31/2018 1:00,923.48,15.282
1779,1/31/2018 1:15,923.48,15.282
1780,1/31/2018 1:30,923.35,15.282
1781,1/31/2018 1:45,923.48,15.282
1782,1/31/2018 2:00,923.6,15.282
1783,1/31/2018 2:15,923.6,15.282
1784,1/31/2018 2:30,923.48,15.282
1785,1/31/2018 2:45,923.48,15.282
1786,1/31/2018 3:00,923.48,15.282
1787,1/31/2018 3:15,923.23,15.282
1788,1/31/2018 3:30,923.35,15.282
1789,1/31/2018 3:45,923.48,15.282
1790,1/31/2018 4:00,923.35,15.282
1791,1/31/2018 4:15,923.48,15.282
1792,1/31/2018 4:30,923.35,15.282
1793,1/31/2018 4:45,923.48,15.282
1794,1/31/2018 5:00,923.48,15.282
1795,1/31/2018 5:15,923.48,15.282
1796,1/31/2018 5:30,923.6,15.282
1797,1/31/2018 5:45,923.48,15.282
1798,1/31/2018 6:00,923.48,15.282
1799,1/31/2018 6:15,923.48,15.282
1800,1/31/2018 6:30,923.6,15.282
1801,1/31/2018 6:45,923.72,15.282
1802,1/31/2018 7:00,923.97,15.282
1803,1/31/2018 7:15,923.97,15.282
1804,1/31/2018 7:30,924.09,15.282
1805,1/31/2018 7:45,923.97,15.282
1806,1/31/2018 8:00,924.35,15.282
1807,1/31/2018 8:15,924.35,15.282
1808,1/31/2018 8:30,924.35,15.282
1809,1/31/2018 8:45,924.35,15.282
1810,1/31/2018 9:00,924.35,15.282
1811,1/31/2018 9:15,924.35,15.282
1812,1/31/2018 9:30,924.35,15.282
1813,1/31/2018 9:45,924.47,15.282
1814,1/31/2018 10:00,924.35,15.282
1815,1/31/2018 10:15,924.47,15.282
1816,1/31/2018 10:30,924.22,15.282
1817,1/31/2018 10:45,924.22,15.282
1818,1/31/2018 11:00,923.72,15.282
1819,1/31/2018 11:15,923.6,15.282
1820,1/31/2018 11:30,923.48,15.282
1821,1/31/2018 11:45,923.48,15.282
1822,1/31/2018 12:00,923.23,15.282
1823,1/31/2018 12:15,923.23,15.282
1824,1/31/2018 12:30,759.77,16.618
1825,1/31/2018 12:45,759.83,18.996
