Plot Title: 20246312,,,
#,"Date Time, GMT-08:00","Abs Pres, mm Hg (LGR S/N: 20246312, SEN S/N: 20246312)","Temp, Â°C (LGR S/N: 20246312, SEN S/N: 20246312)"
1,02/12/18 12:00:00 PM,757.19,15.855
2,02/12/18 12:15:00 PM,757.01,15.951
3,02/12/18 12:30:00 PM,756.88,16.141
4,02/12/18 12:45:00 PM,756.56,16.427
5,02/12/18 01:00:00 PM,756.24,17.379
6,02/12/18 01:15:00 PM,756.42,17.95
7,02/12/18 01:30:00 PM,756.61,17.855
8,02/12/18 01:45:00 PM,756.62,17.665
9,02/12/18 02:00:00 PM,756.37,17.855
10,02/12/18 02:15:00 PM,756.41,17.475
11,02/12/18 02:30:00 PM,756.17,16.808
12,02/12/18 02:45:00 PM,756.19,16.618
13,02/12/18 03:00:00 PM,756.16,16.332
14,02/12/18 03:15:00 PM,756.32,16.427
15,02/12/18 03:30:00 PM,756.38,16.523
16,02/12/18 03:45:00 PM,756.34,16.237
17,02/12/18 04:00:00 PM,756.58,16.903
18,02/12/18 04:15:00 PM,756.76,17.475
19,02/12/18 04:30:00 PM,756.66,17.284
20,02/12/18 04:45:00 PM,756.97,17.189
21,02/12/18 05:00:00 PM,757.04,17.094
22,02/12/18 05:15:00 PM,757.07,16.046
23,02/12/18 05:30:00 PM,757.16,14.517
24,02/12/18 05:45:00 PM,757.19,13.75
25,02/12/18 06:00:00 PM,757.32,13.365
26,02/12/18 06:15:00 PM,757.39,13.076
27,02/12/18 06:30:00 PM,757.81,12.98
28,02/12/18 06:45:00 PM,757.75,12.883
29,02/12/18 07:00:00 PM,757.87,12.69
30,02/12/18 07:15:00 PM,757.94,12.401
31,02/12/18 07:30:00 PM,758,12.304
32,02/12/18 07:45:00 PM,758.11,12.304
33,02/12/18 08:00:00 PM,758.23,12.11
34,02/12/18 08:15:00 PM,758.41,12.013
35,02/12/18 08:30:00 PM,758.58,11.722
36,02/12/18 08:45:00 PM,758.7,11.528
37,02/12/18 09:00:00 PM,758.88,11.819
38,02/12/18 09:15:00 PM,759,11.819
39,02/12/18 09:30:00 PM,759,11.625
40,02/12/18 09:45:00 PM,759.17,11.334
41,02/12/18 10:00:00 PM,759.29,10.944
42,02/12/18 10:15:00 PM,759.22,10.651
43,02/12/18 10:30:00 PM,759.15,10.357
44,02/12/18 10:45:00 PM,759.32,10.063
45,02/12/18 11:00:00 PM,759.38,9.965
46,02/12/18 11:15:00 PM,759.44,9.866
47,02/12/18 11:30:00 PM,759.55,9.866
48,02/12/18 11:45:00 PM,759.62,9.965
49,02/13/18 12:00:00 AM,759.68,10.063
50,02/13/18 12:15:00 AM,759.91,10.063
51,02/13/18 12:30:00 AM,759.74,10.161
52,02/13/18 12:45:00 AM,759.98,10.357
53,02/13/18 01:00:00 AM,760.11,10.553
54,02/13/18 01:15:00 AM,760.29,10.651
55,02/13/18 01:30:00 AM,760.41,11.041
56,02/13/18 01:45:00 AM,760.65,11.041
57,02/13/18 02:00:00 AM,760.64,10.846
58,02/13/18 02:15:00 AM,760.76,10.651
59,02/13/18 02:30:00 AM,760.93,10.553
60,02/13/18 02:45:00 AM,760.93,10.553
61,02/13/18 03:00:00 AM,760.92,10.357
62,02/13/18 03:15:00 AM,761.04,10.357
63,02/13/18 03:30:00 AM,760.98,10.259
64,02/13/18 03:45:00 AM,761.04,10.161
65,02/13/18 04:00:00 AM,761.16,10.161
66,02/13/18 04:15:00 AM,761.16,10.161
67,02/13/18 04:30:00 AM,761.34,10.259
68,02/13/18 04:45:00 AM,761.4,10.357
69,02/13/18 05:00:00 AM,761.53,10.944
70,02/13/18 05:15:00 AM,761.71,11.431
71,02/13/18 05:30:00 AM,761.83,11.625
72,02/13/18 05:45:00 AM,761.83,12.013
73,02/13/18 06:00:00 AM,762.3,12.207
74,02/13/18 06:15:00 AM,762.42,11.625
75,02/13/18 06:30:00 AM,762.36,10.944
76,02/13/18 06:45:00 AM,762.46,10.553
77,02/13/18 07:00:00 AM,762.57,10.357
78,02/13/18 07:15:00 AM,762.63,10.259
79,02/13/18 07:30:00 AM,762.87,10.259
80,02/13/18 07:45:00 AM,762.75,10.455
81,02/13/18 08:00:00 AM,763,10.846
82,02/13/18 08:15:00 AM,763.3,11.334
83,02/13/18 08:30:00 AM,763.43,11.722
84,02/13/18 08:45:00 AM,763.6,12.401
85,02/13/18 09:00:00 AM,763.71,12.98
86,02/13/18 09:15:00 AM,763.82,13.558
87,02/13/18 09:30:00 AM,764.04,13.75
88,02/13/18 09:45:00 AM,764.1,13.846
89,02/13/18 10:00:00 AM,764.32,14.23
90,02/13/18 10:15:00 AM,764.51,13.942
91,02/13/18 10:30:00 AM,764.56,14.23
92,02/13/18 10:45:00 AM,764.55,14.421
93,02/13/18 11:00:00 AM,764.55,14.613
94,02/13/18 11:15:00 AM,764.53,14.804
95,02/13/18 11:30:00 AM,764.28,14.996
96,02/13/18 11:45:00 AM,764.33,15.282
97,02/13/18 12:00:00 PM,764.26,15.378
98,02/13/18 12:15:00 PM,764.25,15.569
99,02/13/18 12:30:00 PM,764.07,15.664
100,02/13/18 12:45:00 PM,764.03,16.237
101,02/13/18 01:00:00 PM,764.01,16.427
102,02/13/18 01:15:00 PM,763.89,16.427
103,02/13/18 01:30:00 PM,764.04,16.903
104,02/13/18 01:45:00 PM,764.07,16.523
105,02/13/18 02:00:00 PM,764.04,16.046
106,02/13/18 02:15:00 PM,764.07,15.664
107,02/13/18 02:30:00 PM,763.91,15.378
108,02/13/18 02:45:00 PM,764.03,15.378
109,02/13/18 03:00:00 PM,763.98,15.282
110,02/13/18 03:15:00 PM,764.04,15.187
111,02/13/18 03:30:00 PM,763.98,15.282
112,02/13/18 03:45:00 PM,764.1,15.282
113,02/13/18 04:00:00 PM,764.04,15.187
114,02/13/18 04:15:00 PM,764.1,15.091
115,02/13/18 04:30:00 PM,764.1,15.091
116,02/13/18 04:45:00 PM,764.15,15.378
117,02/13/18 05:00:00 PM,764.32,16.332
118,02/13/18 05:15:00 PM,764.54,16.523
119,02/13/18 05:30:00 PM,764.7,15.951
120,02/13/18 05:45:00 PM,764.68,15.282
121,02/13/18 06:00:00 PM,764.55,14.613
122,02/13/18 06:15:00 PM,764.44,14.23
123,02/13/18 06:30:00 PM,764.46,13.654
124,02/13/18 06:45:00 PM,764.47,13.269
125,02/13/18 07:00:00 PM,764.47,13.269
126,02/13/18 07:15:00 PM,764.64,13.365
127,02/13/18 07:30:00 PM,764.71,13.269
128,02/13/18 07:45:00 PM,764.82,13.269
129,02/13/18 08:00:00 PM,764.71,13.076
130,02/13/18 08:15:00 PM,764.77,12.98
131,02/13/18 08:30:00 PM,764.78,12.787
132,02/13/18 08:45:00 PM,764.9,12.594
133,02/13/18 09:00:00 PM,764.73,12.304
134,02/13/18 09:15:00 PM,764.96,12.11
135,02/13/18 09:30:00 PM,764.84,11.916
136,02/13/18 09:45:00 PM,764.84,11.722
137,02/13/18 10:00:00 PM,764.84,11.528
138,02/13/18 10:15:00 PM,764.84,11.528
139,02/13/18 10:30:00 PM,764.9,11.431
140,02/13/18 10:45:00 PM,764.9,11.431
141,02/13/18 11:00:00 PM,765.02,11.431
142,02/13/18 11:15:00 PM,765.02,11.431
143,02/13/18 11:30:00 PM,764.96,11.334
144,02/13/18 11:45:00 PM,764.84,11.139
145,02/14/18 12:00:00 AM,764.78,11.041
146,02/14/18 12:15:00 AM,764.77,10.846
147,02/14/18 12:30:00 AM,764.65,10.651
148,02/14/18 12:45:00 AM,764.52,10.455
149,02/14/18 01:00:00 AM,764.58,10.357
150,02/14/18 01:15:00 AM,764.52,10.259
151,02/14/18 01:30:00 AM,764.46,10.161
152,02/14/18 01:45:00 AM,764.34,10.161
153,02/14/18 02:00:00 AM,764.34,10.161
154,02/14/18 02:15:00 AM,764.22,10.161
155,02/14/18 02:30:00 AM,764.1,10.161
156,02/14/18 02:45:00 AM,764.22,9.965
157,02/14/18 03:00:00 AM,764.04,9.866
158,02/14/18 03:15:00 AM,763.97,9.768
159,02/14/18 03:30:00 AM,763.67,9.669
160,02/14/18 03:45:00 AM,763.6,9.373
161,02/14/18 04:00:00 AM,763.48,9.373
162,02/14/18 04:15:00 AM,763.36,9.373
163,02/14/18 04:30:00 AM,763.43,9.472
164,02/14/18 04:45:00 AM,763.37,9.571
165,02/14/18 05:00:00 AM,763.32,9.669
166,02/14/18 05:15:00 AM,763.26,9.768
167,02/14/18 05:30:00 AM,763.38,9.768
168,02/14/18 05:45:00 AM,763.44,9.866
169,02/14/18 06:00:00 AM,763.39,9.965
170,02/14/18 06:15:00 AM,763.69,10.259
171,02/14/18 06:30:00 AM,763.76,10.357
172,02/14/18 06:45:00 AM,763.76,10.357
173,02/14/18 07:00:00 AM,763.88,10.553
174,02/14/18 07:15:00 AM,763.89,10.748
175,02/14/18 07:30:00 AM,764.01,10.944
176,02/14/18 07:45:00 AM,764.01,11.139
177,02/14/18 08:00:00 AM,764.13,11.334
178,02/14/18 08:15:00 AM,764.25,11.722
179,02/14/18 08:30:00 AM,764.37,12.304
180,02/14/18 08:45:00 AM,764.54,12.98
181,02/14/18 09:00:00 AM,764.76,13.558
182,02/14/18 09:15:00 AM,764.87,13.942
183,02/14/18 09:30:00 AM,764.91,14.23
184,02/14/18 09:45:00 AM,765.08,14.517
185,02/14/18 10:00:00 AM,765.26,14.421
186,02/14/18 10:15:00 AM,765.55,14.517
187,02/14/18 10:30:00 AM,765.26,14.421
188,02/14/18 10:45:00 AM,765.25,14.613
189,02/14/18 11:00:00 AM,765.2,14.517
190,02/14/18 11:15:00 AM,765.13,14.613
191,02/14/18 11:30:00 AM,764.83,14.709
192,02/14/18 11:45:00 AM,764.53,14.804
193,02/14/18 12:00:00 PM,764.28,14.996
194,02/14/18 12:15:00 PM,764.1,15.282
195,02/14/18 12:30:00 PM,763.91,15.378
196,02/14/18 12:45:00 PM,763.71,15.664
197,02/14/18 01:00:00 PM,763.35,16.523
198,02/14/18 01:15:00 PM,763.36,17.189
199,02/14/18 01:30:00 PM,763.44,17.57
200,02/14/18 01:45:00 PM,763.54,17.76
201,02/14/18 02:00:00 PM,763.59,17.855
202,02/14/18 02:15:00 PM,763.56,17.57
203,02/14/18 02:30:00 PM,763.39,16.808
204,02/14/18 02:45:00 PM,763.39,16.808
205,02/14/18 03:00:00 PM,763.27,17.475
206,02/14/18 03:15:00 PM,763.37,18.806
207,02/14/18 03:30:00 PM,763.35,19.472
208,02/14/18 03:45:00 PM,763.16,20.043
209,02/14/18 04:00:00 PM,763.13,20.234
210,02/14/18 04:15:00 PM,763.11,19.472
211,02/14/18 04:30:00 PM,762.94,19.377
212,02/14/18 04:45:00 PM,762.92,19.567
213,02/14/18 05:00:00 PM,762.94,19.853
214,02/14/18 05:15:00 PM,762.83,19.377
215,02/14/18 05:30:00 PM,762.51,17.379
216,02/14/18 05:45:00 PM,762.54,16.332
217,02/14/18 06:00:00 PM,762.58,15.76
218,02/14/18 06:15:00 PM,762.66,15.473
219,02/14/18 06:30:00 PM,762.56,15.282
220,02/14/18 06:45:00 PM,762.57,15.091
221,02/14/18 07:00:00 PM,762.69,14.9
222,02/14/18 07:15:00 PM,762.71,14.709
223,02/14/18 07:30:00 PM,762.82,14.709
224,02/14/18 07:45:00 PM,762.84,14.517
225,02/14/18 08:00:00 PM,762.9,14.23
226,02/14/18 08:15:00 PM,762.98,13.75
227,02/14/18 08:30:00 PM,763.17,13.461
228,02/14/18 08:45:00 PM,763.05,13.269
229,02/14/18 09:00:00 PM,763.23,13.173
230,02/14/18 09:15:00 PM,763.41,13.076
231,02/14/18 09:30:00 PM,763.36,12.787
232,02/14/18 09:45:00 PM,763.48,12.594
233,02/14/18 10:00:00 PM,763.48,12.401
234,02/14/18 10:15:00 PM,763.48,12.207
235,02/14/18 10:30:00 PM,763.6,12.013
236,02/14/18 10:45:00 PM,763.54,11.916
237,02/14/18 11:00:00 PM,763.6,11.625
238,02/14/18 11:15:00 PM,763.72,11.431
239,02/14/18 11:30:00 PM,763.66,11.334
240,02/14/18 11:45:00 PM,763.65,11.139
241,02/15/18 12:00:00 AM,763.53,10.748
242,02/15/18 12:15:00 AM,763.47,10.651
243,02/15/18 12:30:00 AM,763.41,10.553
244,02/15/18 12:45:00 AM,763.4,10.357
245,02/15/18 01:00:00 AM,763.22,10.063
246,02/15/18 01:15:00 AM,763.15,9.965
247,02/15/18 01:30:00 AM,763.14,9.768
248,02/15/18 01:45:00 AM,763.2,9.669
249,02/15/18 02:00:00 AM,763.07,9.472
250,02/15/18 02:15:00 AM,763.13,9.373
251,02/15/18 02:30:00 AM,763.06,9.275
252,02/15/18 02:45:00 AM,763.19,9.472
253,02/15/18 03:00:00 AM,763.36,9.373
254,02/15/18 03:15:00 AM,763.18,9.275
255,02/15/18 03:30:00 AM,763.17,9.077
256,02/15/18 03:45:00 AM,763.06,9.275
257,02/15/18 04:00:00 AM,762.93,10.553
258,02/15/18 04:15:00 AM,763.07,12.11
259,02/15/18 04:30:00 AM,763.13,12.594
260,02/15/18 04:45:00 AM,763.25,12.401
261,02/15/18 05:00:00 AM,763.07,11.722
262,02/15/18 05:15:00 AM,763.13,11.625
263,02/15/18 05:30:00 AM,763.06,10.944
264,02/15/18 05:45:00 AM,763.29,10.553
265,02/15/18 06:00:00 AM,763.11,10.259
266,02/15/18 06:15:00 AM,763.27,9.965
267,02/15/18 06:30:00 AM,763.14,9.571
268,02/15/18 06:45:00 AM,763.31,9.472
269,02/15/18 07:00:00 AM,763.53,9.275
270,02/15/18 07:15:00 AM,763.76,9.077
271,02/15/18 07:30:00 AM,763.64,9.077
272,02/15/18 07:45:00 AM,763.83,9.373
273,02/15/18 08:00:00 AM,763.87,10.357
274,02/15/18 08:15:00 AM,764.01,11.916
275,02/15/18 08:30:00 AM,764.23,13.461
276,02/15/18 08:45:00 AM,764.37,14.517
277,02/15/18 09:00:00 AM,764.64,14.996
278,02/15/18 09:15:00 AM,764.75,15.187
279,02/15/18 09:30:00 AM,764.87,15.187
280,02/15/18 09:45:00 AM,764.97,15.569
281,02/15/18 10:00:00 AM,764.95,15.76
282,02/15/18 10:15:00 AM,764.97,15.569
283,02/15/18 10:30:00 AM,764.88,15.855
284,02/15/18 10:45:00 AM,764.82,15.951
285,02/15/18 11:00:00 AM,764.94,15.951
286,02/15/18 11:15:00 AM,764.85,15.378
287,02/15/18 11:30:00 AM,764.79,15.473
288,02/15/18 11:45:00 AM,764.66,15.664
289,02/15/18 12:00:00 PM,764.46,15.951
290,02/15/18 12:15:00 PM,764.4,16.046
291,02/15/18 12:30:00 PM,764.22,15.951
292,02/15/18 12:45:00 PM,763.87,15.951
293,02/15/18 01:00:00 PM,763.47,17.189
294,02/15/18 01:15:00 PM,763.72,18.331
295,02/15/18 01:30:00 PM,763.7,18.521
296,02/15/18 01:45:00 PM,763.68,18.711
297,02/15/18 02:00:00 PM,763.61,18.806
298,02/15/18 02:15:00 PM,763.48,18.331
299,02/15/18 02:30:00 PM,763.34,17.379
300,02/15/18 02:45:00 PM,763.47,17.189
301,02/15/18 03:00:00 PM,763.45,18.045
302,02/15/18 03:15:00 PM,763.63,19.567
303,02/15/18 03:30:00 PM,763.72,20.234
304,02/15/18 03:45:00 PM,763.79,20.615
305,02/15/18 04:00:00 PM,763.78,21.091
306,02/15/18 04:15:00 PM,763.89,21.569
307,02/15/18 04:30:00 PM,763.98,21.76
308,02/15/18 04:45:00 PM,764.04,21.664
309,02/15/18 05:00:00 PM,763.92,21.378
310,02/15/18 05:15:00 PM,763.87,21.282
311,02/15/18 05:30:00 PM,763.77,19.853
312,02/15/18 05:45:00 PM,763.68,18.711
313,02/15/18 06:00:00 PM,763.76,17.95
314,02/15/18 06:15:00 PM,763.7,17.379
315,02/15/18 06:30:00 PM,763.85,16.999
316,02/15/18 06:45:00 PM,763.88,16.618
317,02/15/18 07:00:00 PM,763.98,16.141
318,02/15/18 07:15:00 PM,764.13,15.569
319,02/15/18 07:30:00 PM,764.22,15.091
320,02/15/18 07:45:00 PM,764.42,14.804
321,02/15/18 08:00:00 PM,764.56,14.23
322,02/15/18 08:15:00 PM,764.7,13.654
323,02/15/18 08:30:00 PM,764.88,13.365
324,02/15/18 08:45:00 PM,765.12,13.173
325,02/15/18 09:00:00 PM,765.01,12.98
326,02/15/18 09:15:00 PM,765.13,12.594
327,02/15/18 09:30:00 PM,765.19,12.497
328,02/15/18 09:45:00 PM,765.37,12.401
329,02/15/18 10:00:00 PM,765.37,12.207
330,02/15/18 10:15:00 PM,765.49,12.013
331,02/15/18 10:30:00 PM,765.43,11.722
332,02/15/18 10:45:00 PM,765.37,11.431
333,02/15/18 11:00:00 PM,765.42,11.139
334,02/15/18 11:15:00 PM,765.3,10.944
335,02/15/18 11:30:00 PM,765.42,10.748
336,02/15/18 11:45:00 PM,765.36,10.651
337,02/16/18 12:00:00 AM,765.36,10.651
338,02/16/18 12:15:00 AM,765.24,10.455
339,02/16/18 12:30:00 AM,765.35,10.259
340,02/16/18 12:45:00 AM,765.27,9.965
341,02/16/18 01:00:00 AM,765.34,10.063
342,02/16/18 01:15:00 AM,765.27,9.965
343,02/16/18 01:30:00 AM,765.27,9.768
344,02/16/18 01:45:00 AM,765.19,9.472
345,02/16/18 02:00:00 AM,765.19,9.472
346,02/16/18 02:15:00 AM,764.95,9.275
347,02/16/18 02:30:00 AM,764.94,9.077
348,02/16/18 02:45:00 AM,764.69,8.879
349,02/16/18 03:00:00 AM,764.74,8.779
350,02/16/18 03:15:00 AM,764.69,8.879
351,02/16/18 03:30:00 AM,764.69,8.879
352,02/16/18 03:45:00 AM,764.68,8.68
353,02/16/18 04:00:00 AM,764.61,8.581
354,02/16/18 04:15:00 AM,764.58,8.182
355,02/16/18 04:30:00 AM,764.6,8.382
356,02/16/18 04:45:00 AM,764.6,8.382
357,02/16/18 05:00:00 AM,764.6,8.382
358,02/16/18 05:15:00 AM,764.58,8.182
359,02/16/18 05:30:00 AM,764.57,7.983
360,02/16/18 05:45:00 AM,764.57,7.983
361,02/16/18 06:00:00 AM,764.76,8.082
362,02/16/18 06:15:00 AM,764.74,7.882
363,02/16/18 06:30:00 AM,764.88,8.282
364,02/16/18 06:45:00 AM,765.16,7.983
365,02/16/18 07:00:00 AM,765.03,7.782
366,02/16/18 07:15:00 AM,765.09,7.882
367,02/16/18 07:30:00 AM,765.18,8.182
368,02/16/18 07:45:00 AM,765.04,8.879
369,02/16/18 08:00:00 AM,765.15,9.768
370,02/16/18 08:15:00 AM,765.12,10.455
371,02/16/18 08:30:00 AM,765.37,11.625
372,02/16/18 08:45:00 AM,765.37,12.787
373,02/16/18 09:00:00 AM,765.35,13.558
374,02/16/18 09:15:00 AM,765.37,14.613
375,02/16/18 09:30:00 AM,765.4,15.091
376,02/16/18 09:45:00 AM,765.63,16.141
377,02/16/18 10:00:00 AM,765.58,16.046
378,02/16/18 10:15:00 AM,765.63,16.141
379,02/16/18 10:30:00 AM,765.7,16.046
380,02/16/18 10:45:00 AM,765.58,16.046
381,02/16/18 11:00:00 AM,765.53,15.951
382,02/16/18 11:15:00 AM,765.53,15.951
383,02/16/18 11:30:00 AM,765.39,16.141
384,02/16/18 11:45:00 AM,765.27,16.332
385,02/16/18 12:00:00 PM,765.08,16.427
386,02/16/18 12:15:00 PM,764.88,16.713
387,02/16/18 12:30:00 PM,764.74,16.903
388,02/16/18 12:45:00 PM,764.49,17.094
389,02/16/18 01:00:00 PM,763.91,18.236
390,02/16/18 01:15:00 PM,764.04,19.662
391,02/16/18 01:30:00 PM,763.92,19.662
392,02/16/18 01:45:00 PM,764.04,19.662
393,02/16/18 02:00:00 PM,763.72,18.806
394,02/16/18 02:15:00 PM,763.36,17.189
395,02/16/18 02:30:00 PM,763.3,16.427
396,02/16/18 02:45:00 PM,763.1,16.046
397,02/16/18 03:00:00 PM,763.14,16.999
398,02/16/18 03:15:00 PM,763.23,18.521
399,02/16/18 03:30:00 PM,763.58,20.424
400,02/16/18 03:45:00 PM,763.42,21.091
401,02/16/18 04:00:00 PM,763.54,21.091
402,02/16/18 04:15:00 PM,763.63,21.282
403,02/16/18 04:30:00 PM,763.68,22.142
404,02/16/18 04:45:00 PM,763.7,22.717
405,02/16/18 05:00:00 PM,763.67,22.908
406,02/16/18 05:15:00 PM,763.57,22.429
407,02/16/18 05:30:00 PM,763.34,20.424
408,02/16/18 05:45:00 PM,763.15,18.616
409,02/16/18 06:00:00 PM,763.15,17.475
410,02/16/18 06:15:00 PM,763.1,16.046
411,02/16/18 06:30:00 PM,763.04,15.091
412,02/16/18 06:45:00 PM,763.11,14.804
413,02/16/18 07:00:00 PM,763.18,14.709
414,02/16/18 07:15:00 PM,763.24,14.613
415,02/16/18 07:30:00 PM,763.32,14.325
416,02/16/18 07:45:00 PM,763.32,14.134
417,02/16/18 08:00:00 PM,763.27,13.846
418,02/16/18 08:15:00 PM,763.23,13.558
419,02/16/18 08:30:00 PM,763.35,13.173
420,02/16/18 08:45:00 PM,763.53,12.883
421,02/16/18 09:00:00 PM,763.6,12.594
422,02/16/18 09:15:00 PM,763.72,12.401
423,02/16/18 09:30:00 PM,763.66,12.11
424,02/16/18 09:45:00 PM,763.66,12.11
425,02/16/18 10:00:00 PM,763.72,12.013
426,02/16/18 10:15:00 PM,764.01,11.916
427,02/16/18 10:30:00 PM,764.01,11.916
428,02/16/18 10:45:00 PM,764.07,11.819
429,02/16/18 11:00:00 PM,764.25,11.722
430,02/16/18 11:15:00 PM,764.13,11.528
431,02/16/18 11:30:00 PM,764.19,11.431
432,02/16/18 11:45:00 PM,764.01,11.334
433,02/17/18 12:00:00 AM,763.89,11.139
434,02/17/18 12:15:00 AM,763.89,10.944
435,02/17/18 12:30:00 AM,763.77,10.748
436,02/17/18 12:45:00 AM,763.88,10.553
437,02/17/18 01:00:00 AM,763.58,10.455
438,02/17/18 01:15:00 AM,763.58,10.259
439,02/17/18 01:30:00 AM,763.57,10.063
440,02/17/18 01:45:00 AM,763.44,9.866
441,02/17/18 02:00:00 AM,763.44,9.866
442,02/17/18 02:15:00 AM,763.38,9.768
443,02/17/18 02:30:00 AM,763.43,9.472
444,02/17/18 02:45:00 AM,763.3,9.275
445,02/17/18 03:00:00 AM,763.29,9.077
446,02/17/18 03:15:00 AM,763.16,8.879
447,02/17/18 03:30:00 AM,763.09,8.779
448,02/17/18 03:45:00 AM,763.14,8.68
449,02/17/18 04:00:00 AM,763.02,8.481
450,02/17/18 04:15:00 AM,762.95,8.382
451,02/17/18 04:30:00 AM,762.83,8.382
452,02/17/18 04:45:00 AM,762.72,8.382
453,02/17/18 05:00:00 AM,762.81,8.182
454,02/17/18 05:15:00 AM,762.75,8.082
455,02/17/18 05:30:00 AM,762.87,8.082
456,02/17/18 05:45:00 AM,762.87,8.082
457,02/17/18 06:00:00 AM,762.99,8.082
458,02/17/18 06:15:00 AM,763.04,7.983
459,02/17/18 06:30:00 AM,763.14,7.782
460,02/17/18 06:45:00 AM,763.26,7.782
461,02/17/18 07:00:00 AM,763.44,7.882
462,02/17/18 07:15:00 AM,763.5,7.782
463,02/17/18 07:30:00 AM,763.62,7.983
464,02/17/18 07:45:00 AM,763.83,8.282
465,02/17/18 08:00:00 AM,763.97,8.68
466,02/17/18 08:15:00 AM,764.19,9.373
467,02/17/18 08:30:00 AM,764.41,10.651
468,02/17/18 08:45:00 AM,764.37,11.722
469,02/17/18 09:00:00 AM,764.49,12.497
470,02/17/18 09:15:00 AM,764.53,13.365
471,02/17/18 09:30:00 AM,764.49,14.325
472,02/17/18 09:45:00 AM,764.66,15.664
473,02/17/18 10:00:00 AM,764.73,16.427
474,02/17/18 10:15:00 AM,764.83,16.618
475,02/17/18 10:30:00 AM,764.71,16.618
476,02/17/18 10:45:00 AM,764.86,16.903
477,02/17/18 11:00:00 AM,764.81,16.808
478,02/17/18 11:15:00 AM,764.74,16.903
479,02/17/18 11:30:00 AM,764.61,17.094
480,02/17/18 11:45:00 AM,764.59,17.284
481,02/17/18 12:00:00 PM,764.46,17.475
482,02/17/18 12:15:00 PM,764.39,17.57
483,02/17/18 12:30:00 PM,764.34,17.475
484,02/17/18 12:45:00 PM,764.15,17.57
485,02/17/18 01:00:00 PM,763.55,18.236
486,02/17/18 01:15:00 PM,763.65,19.853
487,02/17/18 01:30:00 PM,763.79,20.615
488,02/17/18 01:45:00 PM,763.75,21.282
489,02/17/18 02:00:00 PM,763.59,20.71
490,02/17/18 02:15:00 PM,763.3,19.377
491,02/17/18 02:30:00 PM,763.1,18.045
492,02/17/18 02:45:00 PM,762.95,17.76
493,02/17/18 03:00:00 PM,762.87,18.521
494,02/17/18 03:15:00 PM,763.14,19.758
495,02/17/18 03:30:00 PM,763.15,20.519
496,02/17/18 03:45:00 PM,763.11,21.187
497,02/17/18 04:00:00 PM,763.47,21.951
498,02/17/18 04:15:00 PM,763.33,22.429
499,02/17/18 04:30:00 PM,763.24,22.238
500,02/17/18 04:45:00 PM,763.24,22.238
501,02/17/18 05:00:00 PM,763.2,22.142
502,02/17/18 05:15:00 PM,763.11,21.951
503,02/17/18 05:30:00 PM,762.92,19.567
504,02/17/18 05:45:00 PM,762.73,17.57
505,02/17/18 06:00:00 PM,762.65,16.523
506,02/17/18 06:15:00 PM,762.6,15.569
507,02/17/18 06:30:00 PM,762.57,15.091
508,02/17/18 06:45:00 PM,762.41,14.804
509,02/17/18 07:00:00 PM,762.42,14.613
510,02/17/18 07:15:00 PM,762.48,14.517
511,02/17/18 07:30:00 PM,762.31,14.23
512,02/17/18 07:45:00 PM,762.32,14.038
513,02/17/18 08:00:00 PM,762.33,13.654
514,02/17/18 08:15:00 PM,762.35,13.269
515,02/17/18 08:30:00 PM,762.24,12.883
516,02/17/18 08:45:00 PM,762.06,12.594
517,02/17/18 09:00:00 PM,762.06,12.207
518,02/17/18 09:15:00 PM,762.07,11.819
519,02/17/18 09:30:00 PM,762.24,11.528
520,02/17/18 09:45:00 PM,762.06,11.431
521,02/17/18 10:00:00 PM,761.89,11.334
522,02/17/18 10:15:00 PM,762.06,11.041
523,02/17/18 10:30:00 PM,761.82,10.651
524,02/17/18 10:45:00 PM,761.76,10.553
525,02/17/18 11:00:00 PM,761.7,10.455
526,02/17/18 11:15:00 PM,761.75,10.357
527,02/17/18 11:30:00 PM,761.63,10.161
528,02/17/18 11:45:00 PM,761.56,10.063
529,02/18/18 12:00:00 AM,761.55,9.866
530,02/18/18 12:15:00 AM,761.37,9.768
531,02/18/18 12:30:00 AM,761.25,9.571
532,02/18/18 12:45:00 AM,761.31,9.472
533,02/18/18 01:00:00 AM,761.29,9.275
534,02/18/18 01:15:00 AM,761.13,9.373
535,02/18/18 01:30:00 AM,761.18,9.275
536,02/18/18 01:45:00 AM,761.18,9.275
537,02/18/18 02:00:00 AM,760.93,9.077
538,02/18/18 02:15:00 AM,760.92,8.879
539,02/18/18 02:30:00 AM,760.8,8.879
540,02/18/18 02:45:00 AM,760.68,8.879
541,02/18/18 03:00:00 AM,760.64,9.176
542,02/18/18 03:15:00 AM,760.64,9.176
543,02/18/18 03:30:00 AM,760.65,9.373
544,02/18/18 03:45:00 AM,760.66,9.571
545,02/18/18 04:00:00 AM,760.72,9.669
546,02/18/18 04:15:00 AM,760.68,9.965
547,02/18/18 04:30:00 AM,760.62,10.063
548,02/18/18 04:45:00 AM,760.56,10.161
549,02/18/18 05:00:00 AM,760.63,10.259
550,02/18/18 05:15:00 AM,760.8,10.357
551,02/18/18 05:30:00 AM,760.74,10.259
552,02/18/18 05:45:00 AM,760.63,10.259
553,02/18/18 06:00:00 AM,760.57,10.357
554,02/18/18 06:15:00 AM,760.52,10.455
555,02/18/18 06:30:00 AM,760.51,10.259
556,02/18/18 06:45:00 AM,760.45,10.357
557,02/18/18 07:00:00 AM,760.56,10.161
558,02/18/18 07:15:00 AM,760.74,10.063
559,02/18/18 07:30:00 AM,760.74,10.063
560,02/18/18 07:45:00 AM,760.93,10.553
561,02/18/18 08:00:00 AM,761.06,11.139
562,02/18/18 08:15:00 AM,761.24,11.819
563,02/18/18 08:30:00 AM,761.36,12.401
564,02/18/18 08:45:00 AM,761.47,12.787
565,02/18/18 09:00:00 AM,761.4,13.269
566,02/18/18 09:15:00 AM,761.27,13.654
567,02/18/18 09:30:00 AM,761.32,13.942
568,02/18/18 09:45:00 AM,761.36,14.421
569,02/18/18 10:00:00 AM,761.4,14.709
570,02/18/18 10:15:00 AM,761.4,14.709
571,02/18/18 10:30:00 AM,761.34,14.804
572,02/18/18 10:45:00 AM,761.45,14.996
573,02/18/18 11:00:00 AM,761.27,15.091
574,02/18/18 11:15:00 AM,761.13,15.282
575,02/18/18 11:30:00 AM,760.83,15.569
576,02/18/18 11:45:00 AM,760.69,15.76
577,02/18/18 12:00:00 PM,760.46,15.76
578,02/18/18 12:15:00 PM,760.46,15.76
579,02/18/18 12:30:00 PM,760.27,15.855
580,02/18/18 12:45:00 PM,760.15,15.855
581,02/18/18 01:00:00 PM,759.92,15.855
582,02/18/18 01:15:00 PM,759.59,16.999
583,02/18/18 01:30:00 PM,759.68,17.189
584,02/18/18 01:45:00 PM,759.68,17.189
585,02/18/18 02:00:00 PM,759.5,17.284
586,02/18/18 02:15:00 PM,759.4,16.427
587,02/18/18 02:30:00 PM,759.2,15.855
588,02/18/18 02:45:00 PM,759.02,15.951
589,02/18/18 03:00:00 PM,758.91,17.284
590,02/18/18 03:15:00 PM,758.82,18.711
591,02/18/18 03:30:00 PM,758.91,19.853
592,02/18/18 03:45:00 PM,758.93,20.615
593,02/18/18 04:00:00 PM,758.64,20.519
594,02/18/18 04:15:00 PM,758.42,19.567
595,02/18/18 04:30:00 PM,758.18,19.092
596,02/18/18 04:45:00 PM,758.09,18.901
597,02/18/18 05:00:00 PM,757.97,18.901
598,02/18/18 05:15:00 PM,758.08,18.426
599,02/18/18 05:30:00 PM,757.91,16.523
600,02/18/18 05:45:00 PM,757.87,15.569
601,02/18/18 06:00:00 PM,757.77,15.187
602,02/18/18 06:15:00 PM,757.65,15.187
603,02/18/18 06:30:00 PM,758.07,15.091
604,02/18/18 06:45:00 PM,758.1,14.517
605,02/18/18 07:00:00 PM,758.13,13.942
606,02/18/18 07:15:00 PM,758.15,13.365
607,02/18/18 07:30:00 PM,758.27,12.98
608,02/18/18 07:45:00 PM,758.28,12.594
609,02/18/18 08:00:00 PM,758.29,12.401
610,02/18/18 08:15:00 PM,758.35,12.304
611,02/18/18 08:30:00 PM,758.46,12.304
612,02/18/18 08:45:00 PM,758.82,12.11
613,02/18/18 09:00:00 PM,758.76,12.207
614,02/18/18 09:15:00 PM,758.82,12.11
615,02/18/18 09:30:00 PM,758.88,12.013
616,02/18/18 09:45:00 PM,758.58,11.916
617,02/18/18 10:00:00 PM,758.53,11.819
618,02/18/18 10:15:00 PM,758.47,11.916
619,02/18/18 10:30:00 PM,758.41,12.013
620,02/18/18 10:45:00 PM,758.41,12.013
621,02/18/18 11:00:00 PM,758.29,12.013
622,02/18/18 11:15:00 PM,758.23,11.916
623,02/18/18 11:30:00 PM,758.23,11.916
624,02/18/18 11:45:00 PM,758.29,11.819
625,02/19/18 12:00:00 AM,758.35,11.528
626,02/19/18 12:15:00 AM,758.41,11.236
627,02/19/18 12:30:00 AM,758.52,11.236
628,02/19/18 12:45:00 AM,758.64,11.041
629,02/19/18 01:00:00 AM,758.87,10.846
630,02/19/18 01:15:00 AM,758.87,10.651
631,02/19/18 01:30:00 AM,758.86,10.455
632,02/19/18 01:45:00 AM,758.92,10.357
633,02/19/18 02:00:00 AM,758.92,10.357
634,02/19/18 02:15:00 AM,758.85,10.063
635,02/19/18 02:30:00 AM,758.78,9.768
636,02/19/18 02:45:00 AM,759.02,9.768
637,02/19/18 03:00:00 AM,758.96,9.669
638,02/19/18 03:15:00 AM,758.89,9.571
639,02/19/18 03:30:00 AM,758.72,9.669
640,02/19/18 03:45:00 AM,758.84,9.669
641,02/19/18 04:00:00 AM,758.94,9.472
642,02/19/18 04:15:00 AM,758.83,9.472
643,02/19/18 04:30:00 AM,758.83,9.472
644,02/19/18 04:45:00 AM,758.88,9.373
645,02/19/18 05:00:00 AM,758.87,9.176
646,02/19/18 05:15:00 AM,759.05,9.275
647,02/19/18 05:30:00 AM,759.05,9.275
648,02/19/18 05:45:00 AM,759.11,9.176
649,02/19/18 06:00:00 AM,759.23,9.176
650,02/19/18 06:15:00 AM,759.4,9.077
651,02/19/18 06:30:00 AM,759.57,8.978
652,02/19/18 06:45:00 AM,759.68,8.779
653,02/19/18 07:00:00 AM,759.73,8.68
654,02/19/18 07:15:00 AM,760.02,8.581
655,02/19/18 07:30:00 AM,760.14,8.581
656,02/19/18 07:45:00 AM,760.09,8.879
657,02/19/18 08:00:00 AM,760.23,9.077
658,02/19/18 08:15:00 AM,760.48,9.472
659,02/19/18 08:30:00 AM,760.62,10.063
660,02/19/18 08:45:00 AM,760.74,10.259
661,02/19/18 09:00:00 AM,760.63,10.455
662,02/19/18 09:15:00 AM,760.75,10.455
663,02/19/18 09:30:00 AM,760.76,10.651
664,02/19/18 09:45:00 AM,760.89,11.431
665,02/19/18 10:00:00 AM,760.83,11.916
666,02/19/18 10:15:00 AM,760.83,11.916
667,02/19/18 10:30:00 AM,760.71,11.916
668,02/19/18 10:45:00 AM,760.83,12.11
669,02/19/18 11:00:00 AM,760.65,12.401
670,02/19/18 11:15:00 AM,760.53,12.401
671,02/19/18 11:30:00 AM,760.41,12.594
672,02/19/18 11:45:00 AM,760.29,12.787
673,02/19/18 12:00:00 PM,760.11,12.883
674,02/19/18 12:15:00 PM,760.05,12.98
675,02/19/18 12:30:00 PM,759.92,13.173
676,02/19/18 12:45:00 PM,759.8,13.365
677,02/19/18 01:00:00 PM,759.5,13.461
678,02/19/18 01:15:00 PM,759.67,13.942
679,02/19/18 01:30:00 PM,759.63,14.709
680,02/19/18 01:45:00 PM,759.63,14.709
681,02/19/18 02:00:00 PM,759.76,14.517
682,02/19/18 02:15:00 PM,759.81,12.98
683,02/19/18 02:30:00 PM,759.64,12.883
684,02/19/18 02:45:00 PM,759.8,13.365
685,02/19/18 03:00:00 PM,759.68,13.558
686,02/19/18 03:15:00 PM,759.82,14.421
687,02/19/18 03:30:00 PM,759.79,14.996
688,02/19/18 03:45:00 PM,760.01,15.378
689,02/19/18 04:00:00 PM,760.01,15.378
690,02/19/18 04:15:00 PM,760.02,15.187
691,02/19/18 04:30:00 PM,760.21,14.9
692,02/19/18 04:45:00 PM,760.11,14.517
693,02/19/18 05:00:00 PM,760.2,14.038
694,02/19/18 05:15:00 PM,760.4,13.173
695,02/19/18 05:30:00 PM,760.47,12.11
696,02/19/18 05:45:00 PM,760.53,11.625
697,02/19/18 06:00:00 PM,760.65,11.236
698,02/19/18 06:15:00 PM,760.64,10.846
699,02/19/18 06:30:00 PM,760.69,10.553
700,02/19/18 06:45:00 PM,760.98,10.259
701,02/19/18 07:00:00 PM,761.03,9.965
702,02/19/18 07:15:00 PM,761.02,9.768
703,02/19/18 07:30:00 PM,761.13,9.571
704,02/19/18 07:45:00 PM,761.24,9.373
705,02/19/18 08:00:00 PM,761.36,9.373
706,02/19/18 08:15:00 PM,761.29,9.275
707,02/19/18 08:30:00 PM,761.41,9.275
708,02/19/18 08:45:00 PM,761.7,9.176
709,02/19/18 09:00:00 PM,761.69,8.978
710,02/19/18 09:15:00 PM,761.91,8.779
711,02/19/18 09:30:00 PM,762.14,8.581
712,02/19/18 09:45:00 PM,762.36,8.382
713,02/19/18 10:00:00 PM,762.51,8.082
714,02/19/18 10:15:00 PM,762.38,7.882
715,02/19/18 10:30:00 PM,762.6,7.682
716,02/19/18 10:45:00 PM,762.82,7.481
717,02/19/18 11:00:00 PM,762.93,7.481
718,02/19/18 11:15:00 PM,763.04,7.28
719,02/19/18 11:30:00 PM,763.26,7.079
720,02/19/18 11:45:00 PM,763.35,6.877
721,02/20/18 12:00:00 AM,763.33,6.674
722,02/20/18 12:15:00 AM,763.35,6.37
723,02/20/18 12:30:00 AM,763.38,6.064
724,02/20/18 12:45:00 AM,763.47,5.86
725,02/20/18 01:00:00 AM,763.52,5.757
726,02/20/18 01:15:00 AM,763.4,5.757
727,02/20/18 01:30:00 AM,763.28,5.757
728,02/20/18 01:45:00 AM,763.33,5.655
729,02/20/18 02:00:00 AM,763.38,5.552
730,02/20/18 02:15:00 AM,763.35,5.86
731,02/20/18 02:30:00 AM,763.45,6.166
732,02/20/18 02:45:00 AM,763.66,6.471
733,02/20/18 03:00:00 AM,763.54,6.471
734,02/20/18 03:15:00 AM,763.76,6.268
735,02/20/18 03:30:00 AM,763.54,5.962
736,02/20/18 03:45:00 AM,763.63,5.757
737,02/20/18 04:00:00 AM,763.61,5.552
738,02/20/18 04:15:00 AM,763.56,5.141
739,02/20/18 04:30:00 AM,763.8,4.831
740,02/20/18 04:45:00 AM,763.89,4.623
741,02/20/18 05:00:00 AM,764.17,4.519
742,02/20/18 05:15:00 AM,764.17,4.519
743,02/20/18 05:30:00 AM,764.4,4.519
744,02/20/18 05:45:00 AM,764.4,4.519
745,02/20/18 06:00:00 AM,764.43,4.727
746,02/20/18 06:15:00 AM,764.43,4.727
747,02/20/18 06:30:00 AM,764.51,4.831
748,02/20/18 06:45:00 AM,764.51,4.831
749,02/20/18 07:00:00 AM,764.66,5.037
750,02/20/18 07:15:00 AM,764.81,5.757
751,02/20/18 07:30:00 AM,764.94,6.268
752,02/20/18 07:45:00 AM,764.95,6.978
753,02/20/18 08:00:00 AM,765.16,7.983
754,02/20/18 08:15:00 AM,765.32,8.581
755,02/20/18 08:30:00 AM,765.41,9.077
756,02/20/18 08:45:00 AM,765.68,9.669
757,02/20/18 09:00:00 AM,765.8,9.866
758,02/20/18 09:15:00 AM,765.87,10.161
759,02/20/18 09:30:00 AM,765.88,10.553
760,02/20/18 09:45:00 AM,766.14,11.722
761,02/20/18 10:00:00 AM,766.14,11.916
762,02/20/18 10:15:00 AM,766.02,11.722
763,02/20/18 10:30:00 AM,765.9,11.722
764,02/20/18 10:45:00 AM,765.84,11.819
765,02/20/18 11:00:00 AM,765.78,11.916
766,02/20/18 11:15:00 AM,765.67,11.916
767,02/20/18 11:30:00 AM,765.67,11.722
768,02/20/18 11:45:00 AM,765.84,11.625
769,02/20/18 12:00:00 PM,765.6,11.431
770,02/20/18 12:15:00 PM,765.49,11.431
771,02/20/18 12:30:00 PM,765.49,11.431
772,02/20/18 12:45:00 PM,765.37,11.625
773,02/20/18 01:00:00 PM,765.14,11.819
774,02/20/18 01:15:00 PM,764.9,12.594
775,02/20/18 01:30:00 PM,764.77,13.173
776,02/20/18 01:45:00 PM,764.94,13.269
777,02/20/18 02:00:00 PM,764.82,13.269
778,02/20/18 02:15:00 PM,764.84,12.69
779,02/20/18 02:30:00 PM,764.9,12.594
780,02/20/18 02:45:00 PM,764.78,12.787
781,02/20/18 03:00:00 PM,764.75,13.942
782,02/20/18 03:15:00 PM,764.72,14.709
783,02/20/18 03:30:00 PM,764.62,15.378
784,02/20/18 03:45:00 PM,764.48,15.76
785,02/20/18 04:00:00 PM,764.55,17.665
786,02/20/18 04:15:00 PM,764.55,18.331
787,02/20/18 04:30:00 PM,764.39,19.187
788,02/20/18 04:45:00 PM,764.51,19.187
789,02/20/18 05:00:00 PM,764.7,19.567
790,02/20/18 05:15:00 PM,764.46,17.475
791,02/20/18 05:30:00 PM,764.48,14.709
792,02/20/18 05:45:00 PM,764.36,13.076
793,02/20/18 06:00:00 PM,764.19,12.207
794,02/20/18 06:15:00 PM,764.31,11.819
795,02/20/18 06:30:00 PM,764.37,11.528
796,02/20/18 06:45:00 PM,764.43,11.236
797,02/20/18 07:00:00 PM,764.42,10.846
798,02/20/18 07:15:00 PM,764.58,10.161
799,02/20/18 07:30:00 PM,764.61,9.669
800,02/20/18 07:45:00 PM,764.71,9.275
801,02/20/18 08:00:00 PM,764.71,9.275
802,02/20/18 08:15:00 PM,764.78,9.373
803,02/20/18 08:30:00 PM,764.84,9.472
804,02/20/18 08:45:00 PM,764.91,9.571
805,02/20/18 09:00:00 PM,764.91,9.768
806,02/20/18 09:15:00 PM,764.74,9.866
807,02/20/18 09:30:00 PM,764.79,9.768
808,02/20/18 09:45:00 PM,764.61,9.472
809,02/20/18 10:00:00 PM,764.65,9.176
810,02/20/18 10:15:00 PM,764.76,8.978
811,02/20/18 10:30:00 PM,764.7,9.077
812,02/20/18 10:45:00 PM,764.41,9.176
813,02/20/18 11:00:00 PM,764.31,9.373
814,02/20/18 11:15:00 PM,764.49,9.472
815,02/20/18 11:30:00 PM,764.49,9.669
816,02/20/18 11:45:00 PM,764.27,9.866
817,02/21/18 12:00:00 AM,764.15,9.866
818,02/21/18 12:15:00 AM,764.22,9.965
819,02/21/18 12:30:00 AM,764.28,10.063
820,02/21/18 12:45:00 AM,764.1,10.161
821,02/21/18 01:00:00 AM,764.1,10.161
822,02/21/18 01:15:00 AM,763.92,10.063
823,02/21/18 01:30:00 AM,763.74,9.965
824,02/21/18 01:45:00 AM,763.62,9.768
825,02/21/18 02:00:00 AM,763.65,9.275
826,02/21/18 02:15:00 AM,763.53,9.077
827,02/21/18 02:30:00 AM,763.62,8.68
828,02/21/18 02:45:00 AM,763.54,8.382
829,02/21/18 03:00:00 AM,763.34,8.082
830,02/21/18 03:15:00 AM,763.43,7.682
831,02/21/18 03:30:00 AM,763.27,7.28
832,02/21/18 03:45:00 AM,763.3,6.978
833,02/21/18 04:00:00 AM,763.33,6.674
834,02/21/18 04:15:00 AM,763.43,6.471
835,02/21/18 04:30:00 AM,763.33,6.166
836,02/21/18 04:45:00 AM,763.5,6.064
837,02/21/18 05:00:00 AM,763.62,6.064
838,02/21/18 05:15:00 AM,763.42,5.962
839,02/21/18 05:30:00 AM,763.62,6.064
840,02/21/18 05:45:00 AM,763.78,6.471
841,02/21/18 06:00:00 AM,763.85,6.573
842,02/21/18 06:15:00 AM,763.78,6.471
843,02/21/18 06:30:00 AM,763.99,6.268
844,02/21/18 06:45:00 AM,764.01,5.962
845,02/21/18 07:00:00 AM,764.19,5.552
846,02/21/18 07:15:00 AM,764.22,5.244
847,02/21/18 07:30:00 AM,764.27,5.655
848,02/21/18 07:45:00 AM,764.58,6.268
849,02/21/18 08:00:00 AM,764.53,6.877
850,02/21/18 08:15:00 AM,764.82,8.182
851,02/21/18 08:30:00 AM,764.91,9.768
852,02/21/18 08:45:00 AM,765.24,11.041
853,02/21/18 09:00:00 AM,765.13,11.236
854,02/21/18 09:15:00 AM,765.02,11.431
855,02/21/18 09:30:00 AM,764.96,11.722
856,02/21/18 09:45:00 AM,765.13,14.613
857,02/21/18 10:00:00 AM,765.21,14.134
858,02/21/18 10:15:00 AM,765.07,12.69
859,02/21/18 10:30:00 AM,765.01,12.787
860,02/21/18 10:45:00 AM,765.19,12.883
861,02/21/18 11:00:00 AM,764.9,12.594
862,02/21/18 11:15:00 AM,765.07,12.883
863,02/21/18 11:30:00 AM,764.88,13.365
864,02/21/18 11:45:00 AM,764.88,13.75
865,02/21/18 12:00:00 PM,764.76,13.365
866,02/21/18 12:15:00 PM,764.6,12.883
867,02/21/18 12:30:00 PM,764.48,12.883
868,02/21/18 12:45:00 PM,764.24,13.269
869,02/21/18 01:00:00 PM,764.22,13.654
870,02/21/18 01:15:00 PM,764.1,14.038
871,02/21/18 01:30:00 PM,764.16,13.942
872,02/21/18 01:45:00 PM,764.04,13.942
873,02/21/18 02:00:00 PM,764.04,13.942
874,02/21/18 02:15:00 PM,763.88,13.461
875,02/21/18 02:30:00 PM,763.94,13.365
876,02/21/18 02:45:00 PM,763.87,13.654
877,02/21/18 03:00:00 PM,763.84,14.421
878,02/21/18 03:15:00 PM,763.88,14.9
879,02/21/18 03:30:00 PM,763.92,15.187
880,02/21/18 03:45:00 PM,763.98,15.282
881,02/21/18 04:00:00 PM,763.86,15.282
882,02/21/18 04:15:00 PM,763.75,15.091
883,02/21/18 04:30:00 PM,763.87,15.091
884,02/21/18 04:45:00 PM,763.87,15.091
885,02/21/18 05:00:00 PM,764.07,15.664
886,02/21/18 05:15:00 PM,764.16,15.187
887,02/21/18 05:30:00 PM,764.04,13.942
888,02/21/18 05:45:00 PM,764.17,13.365
889,02/21/18 06:00:00 PM,764.18,13.173
890,02/21/18 06:15:00 PM,764.01,12.883
891,02/21/18 06:30:00 PM,764.13,12.69
892,02/21/18 06:45:00 PM,764.25,12.497
893,02/21/18 07:00:00 PM,764.37,12.304
894,02/21/18 07:15:00 PM,764.31,12.013
895,02/21/18 07:30:00 PM,764.37,11.916
896,02/21/18 07:45:00 PM,764.49,11.722
897,02/21/18 08:00:00 PM,764.61,11.722
898,02/21/18 08:15:00 PM,764.72,11.528
899,02/21/18 08:30:00 PM,764.72,11.139
900,02/21/18 08:45:00 PM,764.77,10.846
901,02/21/18 09:00:00 PM,764.63,10.063
902,02/21/18 09:15:00 PM,764.55,9.571
903,02/21/18 09:30:00 PM,764.58,9.077
904,02/21/18 09:45:00 PM,764.81,8.879
905,02/21/18 10:00:00 PM,764.91,8.68
906,02/21/18 10:15:00 PM,764.95,8.382
907,02/21/18 10:30:00 PM,765.04,7.983
908,02/21/18 10:45:00 PM,765.09,7.882
909,02/21/18 11:00:00 PM,765.16,7.983
910,02/21/18 11:15:00 PM,765.23,8.082
911,02/21/18 11:30:00 PM,765.16,7.983
912,02/21/18 11:45:00 PM,765.03,7.782
913,02/22/18 12:00:00 AM,765.07,7.682
914,02/22/18 12:15:00 AM,765.06,7.481
915,02/22/18 12:30:00 AM,765.15,7.28
916,02/22/18 12:45:00 AM,765.07,6.978
917,02/22/18 01:00:00 AM,765.21,6.674
918,02/22/18 01:15:00 AM,765.31,6.471
919,02/22/18 01:30:00 AM,765.31,6.471
920,02/22/18 01:45:00 AM,765.24,6.37
921,02/22/18 02:00:00 AM,765.17,6.268
922,02/22/18 02:15:00 AM,765.03,6.064
923,02/22/18 02:30:00 AM,765.03,6.064
924,02/22/18 02:45:00 AM,765,5.86
925,02/22/18 03:00:00 AM,764.81,5.757
926,02/22/18 03:15:00 AM,764.86,5.655
927,02/22/18 03:30:00 AM,764.79,5.552
928,02/22/18 03:45:00 AM,764.79,5.552
929,02/22/18 04:00:00 AM,764.71,5.45
930,02/22/18 04:15:00 AM,764.8,5.244
931,02/22/18 04:30:00 AM,764.77,5.037
932,02/22/18 04:45:00 AM,764.86,4.831
933,02/22/18 05:00:00 AM,764.86,4.831
934,02/22/18 05:15:00 AM,764.83,4.623
935,02/22/18 05:30:00 AM,764.95,4.623
936,02/22/18 05:45:00 AM,764.99,4.519
937,02/22/18 06:00:00 AM,765.03,4.415
938,02/22/18 06:15:00 AM,765.31,4.311
939,02/22/18 06:30:00 AM,765.36,4.207
940,02/22/18 06:45:00 AM,765.47,4.207
941,02/22/18 07:00:00 AM,765.63,4.102
942,02/22/18 07:15:00 AM,765.82,4.207
943,02/22/18 07:30:00 AM,765.97,4.415
944,02/22/18 07:45:00 AM,766.2,4.727
945,02/22/18 08:00:00 AM,766.45,5.244
946,02/22/18 08:15:00 AM,766.6,5.962
947,02/22/18 08:30:00 AM,766.91,7.782
948,02/22/18 08:45:00 AM,767.11,10.063
949,02/22/18 09:00:00 AM,767.19,10.748
950,02/22/18 09:15:00 AM,767.31,10.944
951,02/22/18 09:30:00 AM,767.32,11.334
952,02/22/18 09:45:00 AM,767.49,13.365
953,02/22/18 10:00:00 AM,767.54,13.461
954,02/22/18 10:15:00 AM,767.49,12.98
955,02/22/18 10:30:00 AM,767.43,12.883
956,02/22/18 10:45:00 AM,767.37,12.787
957,02/22/18 11:00:00 AM,767.26,12.594
958,02/22/18 11:15:00 AM,767.37,13.173
959,02/22/18 11:30:00 AM,767.36,13.558
960,02/22/18 11:45:00 AM,767.06,13.846
961,02/22/18 12:00:00 PM,766.75,14.134
962,02/22/18 12:15:00 PM,766.5,14.517
963,02/22/18 12:30:00 PM,766.53,14.996
964,02/22/18 12:45:00 PM,766.31,14.804
965,02/22/18 01:00:00 PM,766.22,15.282
966,02/22/18 01:15:00 PM,765.92,16.237
967,02/22/18 01:30:00 PM,765.93,16.903
968,02/22/18 01:45:00 PM,765.87,16.808
969,02/22/18 02:00:00 PM,765.93,16.903
970,02/22/18 02:15:00 PM,765.83,15.855
971,02/22/18 02:30:00 PM,765.69,15.187
972,02/22/18 02:45:00 PM,765.64,15.091
973,02/22/18 03:00:00 PM,765.6,15.664
974,02/22/18 03:15:00 PM,765.58,16.046
975,02/22/18 03:30:00 PM,765.45,16.237
976,02/22/18 03:45:00 PM,765.39,16.332
977,02/22/18 04:00:00 PM,765.51,16.141
978,02/22/18 04:15:00 PM,765.41,15.951
979,02/22/18 04:30:00 PM,765.39,15.473
980,02/22/18 04:45:00 PM,765.46,15.187
981,02/22/18 05:00:00 PM,765.48,14.804
982,02/22/18 05:15:00 PM,765.52,13.846
983,02/22/18 05:30:00 PM,765.54,12.69
984,02/22/18 05:45:00 PM,765.49,12.207
985,02/22/18 06:00:00 PM,765.61,11.819
986,02/22/18 06:15:00 PM,765.78,11.528
987,02/22/18 06:30:00 PM,765.96,11.236
988,02/22/18 06:45:00 PM,765.96,11.041
989,02/22/18 07:00:00 PM,766.01,10.944
990,02/22/18 07:15:00 PM,766.19,10.846
991,02/22/18 07:30:00 PM,766.18,10.651
992,02/22/18 07:45:00 PM,766.3,10.651
993,02/22/18 08:00:00 PM,766.48,10.748
994,02/22/18 08:15:00 PM,766.65,10.651
995,02/22/18 08:30:00 PM,766.65,10.455
996,02/22/18 08:45:00 PM,766.71,10.357
997,02/22/18 09:00:00 PM,766.77,10.455
998,02/22/18 09:15:00 PM,766.65,10.455
999,02/22/18 09:30:00 PM,766.83,10.553
1000,02/22/18 09:45:00 PM,766.83,10.553
1001,02/22/18 10:00:00 PM,766.71,10.748
1002,02/22/18 10:15:00 PM,766.78,10.846
1003,02/22/18 10:30:00 PM,766.83,10.748
1004,02/22/18 10:45:00 PM,766.77,10.651
1005,02/22/18 11:00:00 PM,766.77,10.455
1006,02/22/18 11:15:00 PM,766.65,10.259
1007,02/22/18 11:30:00 PM,766.58,10.161
1008,02/22/18 11:45:00 PM,766.65,10.259
1009,02/23/18 12:00:00 AM,766.46,10.161
1010,02/23/18 12:15:00 AM,766.46,9.965
1011,02/23/18 12:30:00 AM,766.39,9.866
1012,02/23/18 12:45:00 AM,766.26,9.669
1013,02/23/18 01:00:00 AM,766.38,9.669
1014,02/23/18 01:15:00 AM,766.43,9.373
1015,02/23/18 01:30:00 AM,766.48,9.275
1016,02/23/18 01:45:00 AM,766.42,9.176
1017,02/23/18 02:00:00 AM,766.41,8.978
1018,02/23/18 02:15:00 AM,766.33,8.68
1019,02/23/18 02:30:00 AM,766.32,8.481
1020,02/23/18 02:45:00 AM,766.18,8.282
1021,02/23/18 03:00:00 AM,766.29,8.082
1022,02/23/18 03:15:00 AM,766.1,7.983
1023,02/23/18 03:30:00 AM,766.22,7.983
1024,02/23/18 03:45:00 AM,766.1,7.983
1025,02/23/18 04:00:00 AM,766.03,7.882
1026,02/23/18 04:15:00 AM,766.14,7.682
1027,02/23/18 04:30:00 AM,766.14,7.682
1028,02/23/18 04:45:00 AM,766.26,7.682
1029,02/23/18 05:00:00 AM,766.3,7.582
1030,02/23/18 05:15:00 AM,766.35,7.481
1031,02/23/18 05:30:00 AM,766.29,7.381
1032,02/23/18 05:45:00 AM,766.52,7.381
1033,02/23/18 06:00:00 AM,766.76,7.381
1034,02/23/18 06:15:00 AM,766.87,7.381
1035,02/23/18 06:30:00 AM,766.92,7.28
1036,02/23/18 06:45:00 AM,767.18,7.481
1037,02/23/18 07:00:00 AM,767.25,7.582
1038,02/23/18 07:15:00 AM,767.38,7.782
1039,02/23/18 07:30:00 AM,767.52,7.983
1040,02/23/18 07:45:00 AM,767.53,8.182
1041,02/23/18 08:00:00 AM,767.61,8.481
1042,02/23/18 08:15:00 AM,767.58,8.978
1043,02/23/18 08:30:00 AM,767.76,10.161
1044,02/23/18 08:45:00 AM,767.85,11.041
1045,02/23/18 09:00:00 AM,767.88,10.161
1046,02/23/18 09:15:00 AM,767.93,9.866
1047,02/23/18 09:30:00 AM,768.05,10.063
1048,02/23/18 09:45:00 AM,768.27,12.497
1049,02/23/18 10:00:00 AM,768.15,11.916
1050,02/23/18 10:15:00 AM,768.09,11.236
1051,02/23/18 10:30:00 AM,767.85,11.236
1052,02/23/18 10:45:00 AM,767.73,11.625
1053,02/23/18 11:00:00 AM,767.56,11.916
1054,02/23/18 11:15:00 AM,767.5,12.013
1055,02/23/18 11:30:00 AM,767.56,12.304
1056,02/23/18 11:45:00 AM,767.26,12.207
1057,02/23/18 12:00:00 PM,767.2,12.69
1058,02/23/18 12:15:00 PM,767.07,13.076
1059,02/23/18 12:30:00 PM,766.77,13.365
1060,02/23/18 12:45:00 PM,766.59,13.461
1061,02/23/18 01:00:00 PM,766.47,13.846
1062,02/23/18 01:15:00 PM,766.19,14.804
1063,02/23/18 01:30:00 PM,766.28,16.237
1064,02/23/18 01:45:00 PM,766.3,16.713
1065,02/23/18 02:00:00 PM,766.22,16.999
1066,02/23/18 02:15:00 PM,766.14,15.76
1067,02/23/18 02:30:00 PM,766.17,15.187
1068,02/23/18 02:45:00 PM,766.05,15.187
1069,02/23/18 03:00:00 PM,766.26,17.094
1070,02/23/18 03:15:00 PM,766.38,18.426
1071,02/23/18 03:30:00 PM,766.59,19.092
1072,02/23/18 03:45:00 PM,766.57,19.282
1073,02/23/18 04:00:00 PM,766.55,19.472
1074,02/23/18 04:15:00 PM,766.74,19.853
1075,02/23/18 04:30:00 PM,766.78,19.948
1076,02/23/18 04:45:00 PM,766.97,20.329
1077,02/23/18 05:00:00 PM,767.07,20.519
1078,02/23/18 05:15:00 PM,766.88,18.711
1079,02/23/18 05:30:00 PM,766.77,16.046
1080,02/23/18 05:45:00 PM,766.79,14.613
1081,02/23/18 06:00:00 PM,766.88,13.75
1082,02/23/18 06:15:00 PM,767.07,13.269
1083,02/23/18 06:30:00 PM,767.08,12.69
1084,02/23/18 06:45:00 PM,767.2,12.497
1085,02/23/18 07:00:00 PM,767.61,12.207
1086,02/23/18 07:15:00 PM,767.67,11.722
1087,02/23/18 07:30:00 PM,767.73,11.431
1088,02/23/18 07:45:00 PM,767.91,11.139
1089,02/23/18 08:00:00 PM,767.96,10.846
1090,02/23/18 08:15:00 PM,768.12,10.553
1091,02/23/18 08:30:00 PM,768.24,10.357
1092,02/23/18 08:45:00 PM,768.34,9.965
1093,02/23/18 09:00:00 PM,768.5,9.472
1094,02/23/18 09:15:00 PM,768.65,8.978
1095,02/23/18 09:30:00 PM,768.66,8.282
1096,02/23/18 09:45:00 PM,768.64,8.082
1097,02/23/18 10:00:00 PM,768.83,7.481
1098,02/23/18 10:15:00 PM,768.72,6.978
1099,02/23/18 10:30:00 PM,768.72,6.978
1100,02/23/18 10:45:00 PM,768.58,6.775
1101,02/23/18 11:00:00 PM,768.68,6.573
1102,02/23/18 11:15:00 PM,768.75,6.166
1103,02/23/18 11:30:00 PM,768.79,6.064
1104,02/23/18 11:45:00 PM,768.82,6.268
1105,02/24/18 12:00:00 AM,768.79,6.064
1106,02/24/18 12:15:00 AM,768.72,5.962
1107,02/24/18 12:30:00 AM,768.89,5.86
1108,02/24/18 12:45:00 AM,768.84,5.962
1109,02/24/18 01:00:00 AM,768.81,5.757
1110,02/24/18 01:15:00 AM,768.84,5.45
1111,02/24/18 01:30:00 AM,768.73,5.141
1112,02/24/18 01:45:00 AM,768.78,5.037
1113,02/24/18 02:00:00 AM,768.93,4.934
1114,02/24/18 02:15:00 AM,768.9,4.727
1115,02/24/18 02:30:00 AM,768.87,4.519
1116,02/24/18 02:45:00 AM,768.68,4.415
1117,02/24/18 03:00:00 AM,768.65,4.207
1118,02/24/18 03:15:00 AM,768.65,4.207
1119,02/24/18 03:30:00 AM,768.57,4.102
1120,02/24/18 03:45:00 AM,768.69,4.102
1121,02/24/18 04:00:00 AM,768.54,3.893
1122,02/24/18 04:15:00 AM,768.69,3.788
1123,02/24/18 04:30:00 AM,768.62,3.683
1124,02/24/18 04:45:00 AM,768.78,3.578
1125,02/24/18 05:00:00 AM,768.86,3.367
1126,02/24/18 05:15:00 AM,768.9,3.261
1127,02/24/18 05:30:00 AM,768.93,3.155
1128,02/24/18 05:45:00 AM,768.97,3.049
1129,02/24/18 06:00:00 AM,768.78,2.943
1130,02/24/18 06:15:00 AM,769.01,2.943
1131,02/24/18 06:30:00 AM,769.01,2.943
1132,02/24/18 06:45:00 AM,769.17,2.837
1133,02/24/18 07:00:00 AM,769.17,2.837
1134,02/24/18 07:15:00 AM,769.25,2.943
1135,02/24/18 07:30:00 AM,769.36,3.261
1136,02/24/18 07:45:00 AM,769.48,3.578
1137,02/24/18 08:00:00 AM,769.51,4.102
1138,02/24/18 08:15:00 AM,769.6,5.037
1139,02/24/18 08:30:00 AM,769.99,7.28
1140,02/24/18 08:45:00 AM,770.01,10.357
1141,02/24/18 09:00:00 AM,770.13,10.357
1142,02/24/18 09:15:00 AM,770.19,10.455
1143,02/24/18 09:30:00 AM,770.26,10.748
1144,02/24/18 09:45:00 AM,770.5,13.076
1145,02/24/18 10:00:00 AM,770.28,12.69
1146,02/24/18 10:15:00 AM,770.16,11.916
1147,02/24/18 10:30:00 AM,769.98,11.625
1148,02/24/18 10:45:00 AM,769.86,11.431
1149,02/24/18 11:00:00 AM,769.92,11.528
1150,02/24/18 11:15:00 AM,769.8,11.722
1151,02/24/18 11:30:00 AM,769.68,11.916
1152,02/24/18 11:45:00 AM,769.56,12.11
1153,02/24/18 12:00:00 PM,769.27,12.207
1154,02/24/18 12:15:00 PM,768.98,12.304
1155,02/24/18 12:30:00 PM,768.8,12.401
1156,02/24/18 12:45:00 PM,768.67,12.98
1157,02/24/18 01:00:00 PM,768.38,13.076
1158,02/24/18 01:15:00 PM,767.95,13.558
1159,02/24/18 01:30:00 PM,767.81,14.325
1160,02/24/18 01:45:00 PM,767.66,14.9
1161,02/24/18 02:00:00 PM,767.38,14.613
1162,02/24/18 02:15:00 PM,767.01,13.558
1163,02/24/18 02:30:00 PM,766.83,13.654
1164,02/24/18 02:45:00 PM,766.69,14.23
1165,02/24/18 03:00:00 PM,766.74,17.094
1166,02/24/18 03:15:00 PM,766.71,19.092
1167,02/24/18 03:30:00 PM,766.74,19.853
1168,02/24/18 03:45:00 PM,766.65,19.662
1169,02/24/18 04:00:00 PM,766.67,19.948
1170,02/24/18 04:15:00 PM,766.38,18.901
1171,02/24/18 04:30:00 PM,766.17,17.57
1172,02/24/18 04:45:00 PM,766.11,16.808
1173,02/24/18 05:00:00 PM,766.02,16.427
1174,02/24/18 05:15:00 PM,766.05,15.187
1175,02/24/18 05:30:00 PM,766.03,14.325
1176,02/24/18 05:45:00 PM,765.93,13.75
1177,02/24/18 06:00:00 PM,766.12,13.461
1178,02/24/18 06:15:00 PM,766.01,13.269
1179,02/24/18 06:30:00 PM,766.08,12.98
1180,02/24/18 06:45:00 PM,766.14,12.69
1181,02/24/18 07:00:00 PM,766.14,12.11
1182,02/24/18 07:15:00 PM,766.08,11.431
1183,02/24/18 07:30:00 PM,766.37,10.944
1184,02/24/18 07:45:00 PM,766.41,10.259
1185,02/24/18 08:00:00 PM,766.47,10.553
1186,02/24/18 08:15:00 PM,766.48,10.748
1187,02/24/18 08:30:00 PM,766.49,11.139
1188,02/24/18 08:45:00 PM,766.67,11.431
1189,02/24/18 09:00:00 PM,766.61,11.528
1190,02/24/18 09:15:00 PM,766.5,11.528
1191,02/24/18 09:30:00 PM,766.61,11.528
1192,02/24/18 09:45:00 PM,766.38,11.528
1193,02/24/18 10:00:00 PM,766.2,11.431
1194,02/24/18 10:15:00 PM,766.44,11.431
1195,02/24/18 10:30:00 PM,766.2,11.236
1196,02/24/18 10:45:00 PM,766.02,11.139
1197,02/24/18 11:00:00 PM,766.01,10.944
1198,02/24/18 11:15:00 PM,765.9,10.944
1199,02/24/18 11:30:00 PM,765.96,11.041
1200,02/24/18 11:45:00 PM,765.77,10.553
1201,02/25/18 12:00:00 AM,765.7,10.259
1202,02/25/18 12:15:00 AM,765.64,10.357
1203,02/25/18 12:30:00 AM,765.47,10.455
1204,02/25/18 12:45:00 AM,765.36,10.651
1205,02/25/18 01:00:00 AM,765.54,10.748
1206,02/25/18 01:15:00 AM,765.42,10.748
1207,02/25/18 01:30:00 AM,765.36,10.651
1208,02/25/18 01:45:00 AM,765.48,10.651
1209,02/25/18 02:00:00 AM,765.42,10.553
1210,02/25/18 02:15:00 AM,765.15,9.768
1211,02/25/18 02:30:00 AM,765.13,9.373
1212,02/25/18 02:45:00 AM,765.28,8.879
1213,02/25/18 03:00:00 AM,765.02,8.481
1214,02/25/18 03:15:00 AM,765.18,8.182
1215,02/25/18 03:30:00 AM,765.09,7.882
1216,02/25/18 03:45:00 AM,765.19,7.682
1217,02/25/18 04:00:00 AM,765.39,7.28
1218,02/25/18 04:15:00 AM,765.12,6.877
1219,02/25/18 04:30:00 AM,765.17,6.775
1220,02/25/18 04:45:00 AM,765.21,6.674
1221,02/25/18 05:00:00 AM,765.31,6.471
1222,02/25/18 05:15:00 AM,765.36,6.37
1223,02/25/18 05:30:00 AM,765.33,6.166
1224,02/25/18 05:45:00 AM,765.4,6.268
1225,02/25/18 06:00:00 AM,765.54,5.962
1226,02/25/18 06:15:00 AM,765.71,5.86
1227,02/25/18 06:30:00 AM,765.92,5.655
1228,02/25/18 06:45:00 AM,766.01,5.45
1229,02/25/18 07:00:00 AM,766.13,5.45
1230,02/25/18 07:15:00 AM,766.36,5.45
1231,02/25/18 07:30:00 AM,766.5,5.655
1232,02/25/18 07:45:00 AM,766.6,5.962
1233,02/25/18 08:00:00 AM,766.77,6.37
1234,02/25/18 08:15:00 AM,766.99,7.381
1235,02/25/18 08:30:00 AM,767.22,9.866
1236,02/25/18 08:45:00 AM,767.32,12.69
1237,02/25/18 09:00:00 AM,767.5,12.401
1238,02/25/18 09:15:00 AM,767.61,12.207
1239,02/25/18 09:30:00 AM,767.67,12.11
1240,02/25/18 09:45:00 AM,767.6,13.365
1241,02/25/18 10:00:00 AM,767.67,13.269
1242,02/25/18 10:15:00 AM,767.67,12.69
1243,02/25/18 10:30:00 AM,767.67,12.69
1244,02/25/18 10:45:00 AM,767.61,12.787
1245,02/25/18 11:00:00 AM,767.43,13.076
1246,02/25/18 11:15:00 AM,767.54,13.461
1247,02/25/18 11:30:00 AM,767.37,13.365
1248,02/25/18 11:45:00 AM,767.25,13.365
1249,02/25/18 12:00:00 PM,767.19,13.461
1250,02/25/18 12:15:00 PM,767.11,13.942
1251,02/25/18 12:30:00 PM,766.88,13.942
1252,02/25/18 12:45:00 PM,766.75,14.134
1253,02/25/18 01:00:00 PM,766.57,14.23
1254,02/25/18 01:15:00 PM,766.31,14.804
1255,02/25/18 01:30:00 PM,766.07,15.855
1256,02/25/18 01:45:00 PM,766.09,16.332
1257,02/25/18 02:00:00 PM,766.07,15.855
1258,02/25/18 02:15:00 PM,765.82,14.996
1259,02/25/18 02:30:00 PM,765.71,14.996
1260,02/25/18 02:45:00 PM,765.51,15.282
1261,02/25/18 03:00:00 PM,765.54,16.618
1262,02/25/18 03:15:00 PM,765.64,17.475
1263,02/25/18 03:30:00 PM,765.54,17.95
1264,02/25/18 03:45:00 PM,765.58,18.045
1265,02/25/18 04:00:00 PM,765.39,18.806
1266,02/25/18 04:15:00 PM,765.48,19.472
1267,02/25/18 04:30:00 PM,765.48,19.948
1268,02/25/18 04:45:00 PM,765.38,20.234
1269,02/25/18 05:00:00 PM,765.47,20.901
1270,02/25/18 05:15:00 PM,765.12,19.948
1271,02/25/18 05:30:00 PM,764.82,17.95
1272,02/25/18 05:45:00 PM,764.83,16.618
1273,02/25/18 06:00:00 PM,764.78,15.664
1274,02/25/18 06:15:00 PM,764.7,14.9
1275,02/25/18 06:30:00 PM,764.69,13.846
1276,02/25/18 06:45:00 PM,764.76,13.365
1277,02/25/18 07:00:00 PM,764.65,13.173
1278,02/25/18 07:15:00 PM,764.6,12.883
1279,02/25/18 07:30:00 PM,764.72,12.497
1280,02/25/18 07:45:00 PM,764.49,11.916
1281,02/25/18 08:00:00 PM,764.61,11.528
1282,02/25/18 08:15:00 PM,764.55,11.431
1283,02/25/18 08:30:00 PM,764.49,11.334
1284,02/25/18 08:45:00 PM,764.31,11.236
1285,02/25/18 09:00:00 PM,764.37,11.139
1286,02/25/18 09:15:00 PM,764.36,10.944
1287,02/25/18 09:30:00 PM,764.18,10.651
1288,02/25/18 09:45:00 PM,764.17,10.455
1289,02/25/18 10:00:00 PM,764.16,10.063
1290,02/25/18 10:15:00 PM,764.04,9.866
1291,02/25/18 10:30:00 PM,764.09,9.768
1292,02/25/18 10:45:00 PM,763.91,9.669
1293,02/25/18 11:00:00 PM,763.84,9.571
1294,02/25/18 11:15:00 PM,763.71,9.373
1295,02/25/18 11:30:00 PM,763.64,9.077
1296,02/25/18 11:45:00 PM,763.69,8.978
1297,02/26/18 12:00:00 AM,763.56,8.779
1298,02/26/18 12:15:00 AM,763.49,8.481
1299,02/26/18 12:30:00 AM,763.35,8.282
1300,02/26/18 12:45:00 AM,763.35,8.282
1301,02/26/18 01:00:00 AM,763.23,8.282
1302,02/26/18 01:15:00 AM,763.22,8.082
1303,02/26/18 01:30:00 AM,763.11,8.082
1304,02/26/18 01:45:00 AM,762.92,7.983
1305,02/26/18 02:00:00 AM,762.85,7.882
1306,02/26/18 02:15:00 AM,762.6,7.682
1307,02/26/18 02:30:00 AM,762.47,7.481
1308,02/26/18 02:45:00 AM,762.4,7.381
1309,02/26/18 03:00:00 AM,762.26,7.179
1310,02/26/18 03:15:00 AM,762.09,7.28
1311,02/26/18 03:30:00 AM,761.97,7.28
1312,02/26/18 03:45:00 AM,761.91,7.179
1313,02/26/18 04:00:00 AM,761.72,7.079
1314,02/26/18 04:15:00 AM,761.75,6.775
1315,02/26/18 04:30:00 AM,761.68,6.674
1316,02/26/18 04:45:00 AM,761.73,6.573
1317,02/26/18 05:00:00 AM,761.54,6.471
1318,02/26/18 05:15:00 AM,761.66,6.471
1319,02/26/18 05:30:00 AM,761.59,6.37
1320,02/26/18 05:45:00 AM,761.61,6.573
1321,02/26/18 06:00:00 AM,761.59,6.37
1322,02/26/18 06:15:00 AM,761.45,6.166
1323,02/26/18 06:30:00 AM,761.52,6.268
1324,02/26/18 06:45:00 AM,761.7,6.37
1325,02/26/18 07:00:00 AM,761.82,6.37
1326,02/26/18 07:15:00 AM,761.78,6.471
1327,02/26/18 07:30:00 AM,761.99,6.775
1328,02/26/18 07:45:00 AM,762.16,7.381
1329,02/26/18 08:00:00 AM,762.08,7.782
1330,02/26/18 08:15:00 AM,762.26,8.581
1331,02/26/18 08:30:00 AM,762.18,11.431
1332,02/26/18 08:45:00 AM,762.15,13.942
1333,02/26/18 09:00:00 AM,762.29,13.173
1334,02/26/18 09:15:00 AM,762.24,12.883
1335,02/26/18 09:30:00 AM,762.24,12.883
1336,02/26/18 09:45:00 AM,762.17,13.173
1337,02/26/18 10:00:00 AM,762.24,13.076
1338,02/26/18 10:15:00 AM,762.06,12.98
1339,02/26/18 10:30:00 AM,762.05,13.365
1340,02/26/18 10:45:00 AM,762.1,13.461
1341,02/26/18 11:00:00 AM,761.99,13.461
1342,02/26/18 11:15:00 AM,761.8,13.75
1343,02/26/18 11:30:00 AM,761.73,14.038
1344,02/26/18 11:45:00 AM,761.52,14.9
1345,02/26/18 12:00:00 PM,761.22,14.804
1346,02/26/18 12:15:00 PM,761.15,15.091
1347,02/26/18 12:30:00 PM,760.85,15.187
1348,02/26/18 12:45:00 PM,760.57,14.9
1349,02/26/18 01:00:00 PM,760.4,14.804
1350,02/26/18 01:15:00 PM,760.14,15.187
1351,02/26/18 01:30:00 PM,760.02,15.187
1352,02/26/18 01:45:00 PM,759.92,14.804
1353,02/26/18 02:00:00 PM,759.65,14.325
1354,02/26/18 02:15:00 PM,759.36,14.23
1355,02/26/18 02:30:00 PM,759.3,14.134
1356,02/26/18 02:45:00 PM,759.2,13.942
1357,02/26/18 03:00:00 PM,759.08,13.75
1358,02/26/18 03:15:00 PM,759.04,13.269
1359,02/26/18 03:30:00 PM,759.04,13.076
1360,02/26/18 03:45:00 PM,758.99,12.98
1361,02/26/18 04:00:00 PM,758.69,12.883
1362,02/26/18 04:15:00 PM,758.75,12.98
1363,02/26/18 04:30:00 PM,758.63,12.98
1364,02/26/18 04:45:00 PM,758.69,12.883
1365,02/26/18 05:00:00 PM,758.64,12.594
1366,02/26/18 05:15:00 PM,758.64,12.207
1367,02/26/18 05:30:00 PM,758.64,12.013
1368,02/26/18 05:45:00 PM,758.58,11.722
1369,02/26/18 06:00:00 PM,758.52,11.431
1370,02/26/18 06:15:00 PM,758.52,11.236
1371,02/26/18 06:30:00 PM,758.34,11.139
1372,02/26/18 06:45:00 PM,758.41,11.236
1373,02/26/18 07:00:00 PM,758.23,11.139
1374,02/26/18 07:15:00 PM,758.4,10.846
1375,02/26/18 07:30:00 PM,758.4,10.846
1376,02/26/18 07:45:00 PM,758.39,10.651
1377,02/26/18 08:00:00 PM,758.45,10.553
1378,02/26/18 08:15:00 PM,758.69,10.357
1379,02/26/18 08:30:00 PM,758.56,10.161
1380,02/26/18 08:45:00 PM,758.72,9.866
1381,02/26/18 09:00:00 PM,758.84,9.866
1382,02/26/18 09:15:00 PM,758.9,9.965
1383,02/26/18 09:30:00 PM,758.96,9.669
1384,02/26/18 09:45:00 PM,758.76,9.373
1385,02/26/18 10:00:00 PM,758.87,9.176
1386,02/26/18 10:15:00 PM,758.98,8.978
1387,02/26/18 10:30:00 PM,758.98,8.978
1388,02/26/18 10:45:00 PM,758.96,8.779
1389,02/26/18 11:00:00 PM,758.9,8.68
1390,02/26/18 11:15:00 PM,758.96,8.581
1391,02/26/18 11:30:00 PM,758.81,8.182
1392,02/26/18 11:45:00 PM,758.75,8.082
1393,02/27/18 12:00:00 AM,758.61,7.882
1394,02/27/18 12:15:00 AM,758.61,7.882
1395,02/27/18 12:30:00 AM,758.61,7.882
1396,02/27/18 12:45:00 AM,758.61,7.882
1397,02/27/18 01:00:00 AM,758.78,7.782
1398,02/27/18 01:15:00 AM,758.66,7.782
1399,02/27/18 01:30:00 AM,758.66,7.782
1400,02/27/18 01:45:00 AM,758.66,7.782
1401,02/27/18 02:00:00 AM,758.68,7.983
1402,02/27/18 02:15:00 AM,758.71,8.382
1403,02/27/18 02:30:00 AM,758.66,8.481
1404,02/27/18 02:45:00 AM,758.41,8.282
1405,02/27/18 03:00:00 AM,758.21,7.983
1406,02/27/18 03:15:00 AM,758.07,7.782
1407,02/27/18 03:30:00 AM,758.06,7.582
1408,02/27/18 03:45:00 AM,758.09,7.28
1409,02/27/18 04:00:00 AM,758,6.978
1410,02/27/18 04:15:00 AM,757.79,6.674
1411,02/27/18 04:30:00 AM,757.85,6.573
1412,02/27/18 04:45:00 AM,757.96,6.573
1413,02/27/18 05:00:00 AM,757.89,6.471
1414,02/27/18 05:15:00 AM,757.94,6.37
1415,02/27/18 05:30:00 AM,758.03,6.166
1416,02/27/18 05:45:00 AM,758.13,5.962
1417,02/27/18 06:00:00 AM,757.99,5.757
1418,02/27/18 06:15:00 AM,757.99,5.757
1419,02/27/18 06:30:00 AM,758.2,5.552
1420,02/27/18 06:45:00 AM,758.29,5.347
1421,02/27/18 07:00:00 AM,758.57,5.244
1422,02/27/18 07:15:00 AM,758.49,5.141
1423,02/27/18 07:30:00 AM,758.57,5.244
1424,02/27/18 07:45:00 AM,758.78,5.552
1425,02/27/18 08:00:00 AM,758.84,5.962
1426,02/27/18 08:15:00 AM,759.02,6.573
1427,02/27/18 08:30:00 AM,759.29,9.275
1428,02/27/18 08:45:00 AM,759.68,10.259
1429,02/27/18 09:00:00 AM,759.89,9.669
1430,02/27/18 09:15:00 AM,760.07,9.571
1431,02/27/18 09:30:00 AM,760.2,9.768
1432,02/27/18 09:45:00 AM,760.32,9.965
1433,02/27/18 10:00:00 AM,760.38,9.866
1434,02/27/18 10:15:00 AM,760.74,10.063
1435,02/27/18 10:30:00 AM,761.04,10.357
1436,02/27/18 10:45:00 AM,761.04,10.357
1437,02/27/18 11:00:00 AM,761.16,10.357
1438,02/27/18 11:15:00 AM,761.16,10.357
1439,02/27/18 11:30:00 AM,761.22,10.455
1440,02/27/18 11:45:00 AM,761.16,10.553
1441,02/27/18 12:00:00 PM,760.99,10.651
1442,02/27/18 12:15:00 PM,761.11,10.651
1443,02/27/18 12:30:00 PM,760.94,10.748
1444,02/27/18 12:45:00 PM,760.88,10.846
1445,02/27/18 01:00:00 PM,760.88,11.041
1446,02/27/18 01:15:00 PM,760.83,11.334
1447,02/27/18 01:30:00 PM,760.77,12.013
1448,02/27/18 01:45:00 PM,760.77,12.594
1449,02/27/18 02:00:00 PM,760.83,12.304
1450,02/27/18 02:15:00 PM,760.77,11.819
1451,02/27/18 02:30:00 PM,761.01,11.819
1452,02/27/18 02:45:00 PM,760.95,12.304
1453,02/27/18 03:00:00 PM,761.13,14.23
1454,02/27/18 03:15:00 PM,761.09,16.046
1455,02/27/18 03:30:00 PM,761.18,17.094
1456,02/27/18 03:45:00 PM,761.29,17.76
1457,02/27/18 04:00:00 PM,761.27,17.95
1458,02/27/18 04:15:00 PM,761.47,18.806
1459,02/27/18 04:30:00 PM,761.55,19.187
1460,02/27/18 04:45:00 PM,761.67,19.662
1461,02/27/18 05:00:00 PM,761.81,19.472
1462,02/27/18 05:15:00 PM,761.89,18.236
1463,02/27/18 05:30:00 PM,761.73,16.141
1464,02/27/18 05:45:00 PM,761.88,14.709
1465,02/27/18 06:00:00 PM,761.97,13.846
1466,02/27/18 06:15:00 PM,762.18,12.98
1467,02/27/18 06:30:00 PM,762.3,12.207
1468,02/27/18 06:45:00 PM,762.3,11.625
1469,02/27/18 07:00:00 PM,762.36,11.334
1470,02/27/18 07:15:00 PM,762.42,11.041
1471,02/27/18 07:30:00 PM,762.41,10.651
1472,02/27/18 07:45:00 PM,762.69,10.357
1473,02/27/18 08:00:00 PM,762.84,9.472
1474,02/27/18 08:15:00 PM,763,9.176
1475,02/27/18 08:30:00 PM,763.07,9.472
1476,02/27/18 08:45:00 PM,763.14,9.571
1477,02/27/18 09:00:00 PM,763.36,9.373
1478,02/27/18 09:15:00 PM,763.35,9.176
1479,02/27/18 09:30:00 PM,763.28,8.879
1480,02/27/18 09:45:00 PM,763.38,8.68
1481,02/27/18 10:00:00 PM,763.54,8.382
1482,02/27/18 10:15:00 PM,763.41,8.182
1483,02/27/18 10:30:00 PM,763.39,7.983
1484,02/27/18 10:45:00 PM,763.38,7.782
1485,02/27/18 11:00:00 PM,763.31,7.682
1486,02/27/18 11:15:00 PM,763.41,7.481
1487,02/27/18 11:30:00 PM,763.32,7.179
1488,02/27/18 11:45:00 PM,763.34,7.381
1489,02/28/18 12:00:00 AM,763.5,7.28
1490,02/28/18 12:15:00 AM,763.49,7.079
1491,02/28/18 12:30:00 AM,763.59,6.877
1492,02/28/18 12:45:00 AM,763.56,6.674
1493,02/28/18 01:00:00 AM,763.66,6.471
1494,02/28/18 01:15:00 AM,763.59,6.37
1495,02/28/18 01:30:00 AM,763.45,6.166
1496,02/28/18 01:45:00 AM,763.56,6.166
1497,02/28/18 02:00:00 AM,763.5,6.064
1498,02/28/18 02:15:00 AM,763.31,5.962
1499,02/28/18 02:30:00 AM,763.31,5.962
1500,02/28/18 02:45:00 AM,763.23,5.86
1501,02/28/18 03:00:00 AM,763.23,5.86
1502,02/28/18 03:15:00 AM,763.14,5.552
1503,02/28/18 03:30:00 AM,763.38,5.552
1504,02/28/18 03:45:00 AM,763.42,5.45
1505,02/28/18 04:00:00 AM,763.42,5.45
1506,02/28/18 04:15:00 AM,763.56,5.141
1507,02/28/18 04:30:00 AM,763.67,5.141
1508,02/28/18 04:45:00 AM,763.71,5.037
1509,02/28/18 05:00:00 AM,763.76,4.934
1510,02/28/18 05:15:00 AM,763.8,4.831
1511,02/28/18 05:30:00 AM,763.96,4.727
1512,02/28/18 05:45:00 AM,764.08,4.727
1513,02/28/18 06:00:00 AM,764.01,4.623
1514,02/28/18 06:15:00 AM,764.17,4.519
1515,02/28/18 06:30:00 AM,764.28,4.519
1516,02/28/18 06:45:00 AM,764.37,4.311
1517,02/28/18 07:00:00 AM,764.45,4.415
1518,02/28/18 07:15:00 AM,764.74,4.831
1519,02/28/18 07:30:00 AM,765.01,5.037
1520,02/28/18 07:45:00 AM,765.09,5.655
1521,02/28/18 08:00:00 AM,765.38,6.064
1522,02/28/18 08:15:00 AM,765.57,6.674
1523,02/28/18 08:30:00 AM,765.76,10.357
1524,02/28/18 08:45:00 AM,765.96,12.013
1525,02/28/18 09:00:00 AM,766.2,11.625
1526,02/28/18 09:15:00 AM,766.44,11.625
1527,02/28/18 09:30:00 AM,766.56,11.819
1528,02/28/18 09:45:00 AM,766.79,12.594
1529,02/28/18 10:00:00 AM,766.85,12.69
1530,02/28/18 10:15:00 AM,766.79,12.594
1531,02/28/18 10:30:00 AM,767.02,12.98
1532,02/28/18 10:45:00 AM,766.96,13.076
1533,02/28/18 11:00:00 AM,766.9,12.98
1534,02/28/18 11:15:00 AM,767.02,12.787
1535,02/28/18 11:30:00 AM,766.96,13.076
1536,02/28/18 11:45:00 AM,766.89,13.173
1537,02/28/18 12:00:00 PM,766.83,13.269
1538,02/28/18 12:15:00 PM,766.83,13.461
1539,02/28/18 12:30:00 PM,766.65,13.558
1540,02/28/18 12:45:00 PM,766.59,13.654
1541,02/28/18 01:00:00 PM,766.47,13.654
1542,02/28/18 01:15:00 PM,766.29,13.75
1543,02/28/18 01:30:00 PM,766.17,15.187
1544,02/28/18 01:45:00 PM,766.08,15.664
1545,02/28/18 02:00:00 PM,766.18,14.996
1546,02/28/18 02:15:00 PM,766.11,14.038
1547,02/28/18 02:30:00 PM,765.99,13.846
1548,02/28/18 02:45:00 PM,766.03,14.325
1549,02/28/18 03:00:00 PM,766.17,16.046
1550,02/28/18 03:15:00 PM,766.13,17.284
1551,02/28/18 03:30:00 PM,766.11,18.14
1552,02/28/18 03:45:00 PM,766.02,18.426
1553,02/28/18 04:00:00 PM,766.02,18.901
1554,02/28/18 04:15:00 PM,766.05,19.662
1555,02/28/18 04:30:00 PM,766.07,19.948
1556,02/28/18 04:45:00 PM,766,20.043
1557,02/28/18 05:00:00 PM,766.1,19.758
1558,02/28/18 05:15:00 PM,765.86,18.806
1559,02/28/18 05:30:00 PM,765.94,16.713
1560,02/28/18 05:45:00 PM,765.63,15.282
1561,02/28/18 06:00:00 PM,765.74,14.23
1562,02/28/18 06:15:00 PM,765.83,13.365
1563,02/28/18 06:30:00 PM,765.84,12.594
1564,02/28/18 06:45:00 PM,766.08,12.013
1565,02/28/18 07:00:00 PM,766.2,11.819
1566,02/28/18 07:15:00 PM,766.14,11.722
1567,02/28/18 07:30:00 PM,766.08,11.625
1568,02/28/18 07:45:00 PM,766.2,11.431
1569,02/28/18 08:00:00 PM,766.26,11.334
1570,02/28/18 08:15:00 PM,766.49,11.139
1571,02/28/18 08:30:00 PM,766.48,10.748
1572,02/28/18 08:45:00 PM,766.53,10.651
1573,02/28/18 09:00:00 PM,766.59,10.553
1574,02/28/18 09:15:00 PM,766.65,10.455
1575,02/28/18 09:30:00 PM,766.58,10.161
1576,02/28/18 09:45:00 PM,766.64,10.063
1577,02/28/18 10:00:00 PM,766.74,9.866
1578,02/28/18 10:15:00 PM,766.74,9.669
1579,02/28/18 10:30:00 PM,766.53,9.176
1580,02/28/18 10:45:00 PM,766.71,9.077
1581,02/28/18 11:00:00 PM,766.65,9.176
1582,02/28/18 11:15:00 PM,766.59,9.077
1583,02/28/18 11:30:00 PM,766.51,8.779
1584,02/28/18 11:45:00 PM,766.38,8.581
1585,03/01/18 12:00:00 AM,766.44,8.481
1586,03/01/18 12:15:00 AM,766.3,8.282
1587,03/01/18 12:30:00 AM,766.47,8.182
1588,03/01/18 12:45:00 AM,766.41,8.082
1589,03/01/18 01:00:00 AM,766.15,7.882
1590,03/01/18 01:15:00 AM,766.15,7.882
1591,03/01/18 01:30:00 AM,766.15,7.882
1592,03/01/18 01:45:00 AM,765.96,7.782
1593,03/01/18 02:00:00 AM,765.85,7.782
1594,03/01/18 02:15:00 AM,765.85,7.782
1595,03/01/18 02:30:00 AM,766.03,7.882
1596,03/01/18 02:45:00 AM,765.87,7.983
1597,03/01/18 03:00:00 AM,765.46,8.082
1598,03/01/18 03:15:00 AM,765.41,8.182
1599,03/01/18 03:30:00 AM,765.29,8.182
1600,03/01/18 03:45:00 AM,765.41,8.182
1601,03/01/18 04:00:00 AM,765.29,8.182
1602,03/01/18 04:15:00 AM,765.36,8.282
1603,03/01/18 04:30:00 AM,765.32,8.581
1604,03/01/18 04:45:00 AM,765.51,8.68
1605,03/01/18 05:00:00 AM,765.74,8.68
1606,03/01/18 05:15:00 AM,765.96,8.481
1607,03/01/18 05:30:00 AM,765.72,8.481
1608,03/01/18 05:45:00 AM,765.92,8.779
1609,03/01/18 06:00:00 AM,765.93,8.978
1610,03/01/18 06:15:00 AM,765.93,8.978
1611,03/01/18 06:30:00 AM,765.93,8.978
1612,03/01/18 06:45:00 AM,765.99,8.879
1613,03/01/18 07:00:00 AM,766.05,8.978
1614,03/01/18 07:15:00 AM,766.18,9.176
1615,03/01/18 07:30:00 AM,766.36,9.275
1616,03/01/18 07:45:00 AM,766.44,9.571
1617,03/01/18 08:00:00 AM,766.46,9.965
1618,03/01/18 08:15:00 AM,766.53,10.651
1619,03/01/18 08:30:00 AM,766.5,11.916
1620,03/01/18 08:45:00 AM,766.49,12.69
1621,03/01/18 09:00:00 AM,766.43,12.98
1622,03/01/18 09:15:00 AM,766.31,13.173
1623,03/01/18 09:30:00 AM,765.52,15.091
1624,03/01/18 09:33:36 AM,,
1625,03/01/18 09:33:45 AM,,
1626,03/01/18 09:36:05 AM,,
