Plot Title: 20036649 Audubon 01,,,,,,,,
#,"Date Time, GMT-07:00","High Range, mS/cm (LGR S/N: 20036649, SEN S/N: 20036649, LBL: Audubon 01 uS)","Temp, °C (LGR S/N: 20036649, SEN S/N: 20036649, LBL: Audubon 01 oC)",Coupler Detached (LGR S/N: 20036649),Coupler Attached (LGR S/N: 20036649),Host Connected (LGR S/N: 20036649),Stopped (LGR S/N: 20036649),End Of File (LGR S/N: 20036649)
1,10/11/2017 17:00,54.0934,24.24,Logged,,,,
2,10/11/2017 17:15,54.0934,24.23,,,,,
3,10/11/2017 17:30,54.0934,24.14,,,,,
4,10/11/2017 17:45,54.0934,24.08,,,,,
5,10/11/2017 18:00,54.0934,24.06,,,,,
6,10/11/2017 18:15,54.0934,24.01,,,,,
7,10/11/2017 18:30,54.0934,23.99,,,,,
8,10/11/2017 18:45,54.0934,23.95,,,,,
9,10/11/2017 19:00,54.0934,23.88,,,,,
10,10/11/2017 19:15,54.0934,23.82,,,,,
11,10/11/2017 19:30,54.0934,23.76,,,,,
12,10/11/2017 19:45,54.0934,23.58,,,,,
13,10/11/2017 20:00,54.0934,23.42,,,,,
14,10/11/2017 20:15,54.0934,23.27,,,,,
15,10/11/2017 20:30,54.0934,23.18,,,,,
16,10/11/2017 20:45,54.0934,23.13,,,,,
17,10/11/2017 21:00,54.0934,23.09,,,,,
18,10/11/2017 21:15,54.0934,23.01,,,,,
19,10/11/2017 21:30,54.0934,22.97,,,,,
20,10/11/2017 21:45,54.0934,22.86,,,,,
21,10/11/2017 22:00,54.0934,22.68,,,,,
22,10/11/2017 22:15,54.0934,22.6,,,,,
23,10/11/2017 22:30,54.0934,22.53,,,,,
24,10/11/2017 22:45,54.0934,22.44,,,,,
25,10/11/2017 23:00,54.0934,22.44,,,,,
26,10/11/2017 23:15,54.0934,22.36,,,,,
27,10/11/2017 23:30,54.0934,22.29,,,,,
28,10/11/2017 23:45,54.0934,22.2,,,,,
29,10/12/2017 0:00,54.0934,22.15,,,,,
30,10/12/2017 0:15,54.0934,22.08,,,,,
31,10/12/2017 0:30,54.0934,22.03,,,,,
32,10/12/2017 0:45,54.0934,21.97,,,,,
33,10/12/2017 1:00,54.0934,21.9,,,,,
34,10/12/2017 1:15,54.0934,21.84,,,,,
35,10/12/2017 1:30,54.0934,21.78,,,,,
36,10/12/2017 1:45,54.0934,21.75,,,,,
37,10/12/2017 2:00,54.0934,21.69,,,,,
38,10/12/2017 2:15,54.0934,21.61,,,,,
39,10/12/2017 2:30,54.0934,21.54,,,,,
40,10/12/2017 2:45,54.0934,21.48,,,,,
41,10/12/2017 3:00,54.0934,21.41,,,,,
42,10/12/2017 3:15,54.0934,21.38,,,,,
43,10/12/2017 3:30,54.0934,21.32,,,,,
44,10/12/2017 3:45,54.0934,21.26,,,,,
45,10/12/2017 4:00,54.0934,21.21,,,,,
46,10/12/2017 4:15,54.0934,21.17,,,,,
47,10/12/2017 4:30,54.0934,21.11,,,,,
48,10/12/2017 4:45,54.0934,21.07,,,,,
49,10/12/2017 5:00,54.0934,21.05,,,,,
50,10/12/2017 5:15,54.0934,21.02,,,,,
51,10/12/2017 5:30,54.0934,21.01,,,,,
52,10/12/2017 5:45,54.0934,20.99,,,,,
53,10/12/2017 6:00,54.0934,20.98,,,,,
54,10/12/2017 6:15,54.0934,20.94,,,,,
55,10/12/2017 6:30,54.0934,20.9,,,,,
56,10/12/2017 6:45,54.0934,20.85,,,,,
57,10/12/2017 7:00,54.0934,20.8,,,,,
58,10/12/2017 7:15,54.0934,20.77,,,,,
59,10/12/2017 7:30,54.0934,20.73,,,,,
60,10/12/2017 7:45,54.0934,20.75,,,,,
61,10/12/2017 8:00,54.0934,20.72,,,,,
62,10/12/2017 8:15,54.0934,20.7,,,,,
63,10/12/2017 8:30,54.0934,20.69,,,,,
64,10/12/2017 8:45,54.0934,20.65,,,,,
65,10/12/2017 9:00,54.0934,20.62,,,,,
66,10/12/2017 9:15,54.0934,20.62,,,,,
67,10/12/2017 9:30,54.0934,20.61,,,,,
68,10/12/2017 9:45,54.0934,20.61,,,,,
69,10/12/2017 10:00,54.0934,20.71,,,,,
70,10/12/2017 10:15,54.0934,20.88,,,,,
71,10/12/2017 10:30,54.0934,20.99,,,,,
72,10/12/2017 10:45,54.0934,21.02,,,,,
73,10/12/2017 11:00,54.0934,21.09,,,,,
74,10/12/2017 11:15,54.0934,21.16,,,,,
75,10/12/2017 11:30,54.0934,21.29,,,,,
76,10/12/2017 11:45,54.0934,21.45,,,,,
77,10/12/2017 12:00,54.0934,21.61,,,,,
78,10/12/2017 12:15,54.0934,21.81,,,,,
79,10/12/2017 12:30,54.0934,21.93,,,,,
80,10/12/2017 12:45,54.0934,22.11,,,,,
81,10/12/2017 13:00,54.0934,22.28,,,,,
82,10/12/2017 13:15,54.0934,22.46,,,,,
83,10/12/2017 13:30,54.0934,22.66,,,,,
84,10/12/2017 13:45,54.0934,22.81,,,,,
85,10/12/2017 14:00,54.0934,22.96,,,,,
86,10/12/2017 14:15,54.0934,23.05,,,,,
87,10/12/2017 14:30,54.0934,23.16,,,,,
88,10/12/2017 14:45,54.0934,23.25,,,,,
89,10/12/2017 15:00,54.0934,23.36,,,,,
90,10/12/2017 15:15,54.0934,23.43,,,,,
91,10/12/2017 15:30,54.0934,23.47,,,,,
92,10/12/2017 15:45,54.0934,23.56,,,,,
93,10/12/2017 16:00,54.0934,23.59,,,,,
94,10/12/2017 16:15,54.0934,23.63,,,,,
95,10/12/2017 16:30,54.0934,23.66,,,,,
96,10/12/2017 16:45,54.0934,23.72,,,,,
97,10/12/2017 17:00,54.0934,23.76,,,,,
98,10/12/2017 17:15,54.0934,23.77,,,,,
99,10/12/2017 17:30,54.0934,23.74,,,,,
100,10/12/2017 17:45,54.0934,23.69,,,,,
101,10/12/2017 18:00,54.0934,23.59,,,,,
102,10/12/2017 18:15,54.0934,23.56,,,,,
103,10/12/2017 18:30,54.0934,23.51,,,,,
104,10/12/2017 18:45,54.0934,23.43,,,,,
105,10/12/2017 19:00,54.0934,23.39,,,,,
106,10/12/2017 19:15,54.0934,23.33,,,,,
107,10/12/2017 19:30,54.0934,23.27,,,,,
108,10/12/2017 19:45,54.0934,23.22,,,,,
109,10/12/2017 20:00,54.0934,23.2,,,,,
110,10/12/2017 20:15,54.0934,23.14,,,,,
111,10/12/2017 20:30,54.0934,23.1,,,,,
112,10/12/2017 20:45,54.0934,23.02,,,,,
113,10/12/2017 21:00,54.0934,22.95,,,,,
114,10/12/2017 21:15,54.0934,22.87,,,,,
115,10/12/2017 21:30,54.0934,22.82,,,,,
116,10/12/2017 21:45,54.0934,22.75,,,,,
117,10/12/2017 22:00,54.0934,22.68,,,,,
118,10/12/2017 22:15,54.0934,22.63,,,,,
119,10/12/2017 22:30,54.0934,22.54,,,,,
120,10/12/2017 22:45,54.0934,22.46,,,,,
121,10/12/2017 23:00,54.0934,22.39,,,,,
122,10/12/2017 23:15,54.0934,22.33,,,,,
123,10/12/2017 23:30,54.0934,22.26,,,,,
124,10/12/2017 23:45,54.0934,22.19,,,,,
125,10/13/2017 0:00,54.0934,22.14,,,,,
126,10/13/2017 0:15,54.0934,22.07,,,,,
127,10/13/2017 0:30,54.0934,22.04,,,,,
128,10/13/2017 0:45,54.0934,22,,,,,
129,10/13/2017 1:00,54.0934,21.94,,,,,
130,10/13/2017 1:15,54.0934,21.88,,,,,
131,10/13/2017 1:30,54.0934,21.78,,,,,
132,10/13/2017 1:45,54.0934,21.73,,,,,
133,10/13/2017 2:00,54.0934,21.66,,,,,
134,10/13/2017 2:15,54.0934,21.58,,,,,
135,10/13/2017 2:30,54.0934,21.53,,,,,
136,10/13/2017 2:45,54.0934,21.45,,,,,
137,10/13/2017 3:00,54.0934,21.41,,,,,
138,10/13/2017 3:15,54.0934,21.36,,,,,
139,10/13/2017 3:30,54.0934,21.31,,,,,
140,10/13/2017 3:45,54.0934,21.22,,,,,
141,10/13/2017 4:00,54.0934,21.15,,,,,
142,10/13/2017 4:15,54.0934,21.13,,,,,
143,10/13/2017 4:30,54.0934,21.06,,,,,
144,10/13/2017 4:45,54.0934,20.98,,,,,
145,10/13/2017 5:00,54.0934,20.95,,,,,
146,10/13/2017 5:15,54.0934,20.88,,,,,
147,10/13/2017 5:30,54.0934,20.84,,,,,
148,10/13/2017 5:45,54.0934,20.81,,,,,
149,10/13/2017 6:00,54.0934,20.72,,,,,
150,10/13/2017 6:15,54.0934,20.7,,,,,
151,10/13/2017 6:30,54.0934,20.65,,,,,
152,10/13/2017 6:45,54.0934,20.62,,,,,
153,10/13/2017 7:00,54.0934,20.56,,,,,
154,10/13/2017 7:15,54.0934,20.5,,,,,
155,10/13/2017 7:30,54.0934,20.45,,,,,
156,10/13/2017 7:45,54.0934,20.4,,,,,
157,10/13/2017 8:00,54.0934,20.34,,,,,
158,10/13/2017 8:15,54.0934,20.28,,,,,
159,10/13/2017 8:30,54.0934,20.25,,,,,
160,10/13/2017 8:45,54.0934,20.19,,,,,
161,10/13/2017 9:00,54.0934,20.18,,,,,
162,10/13/2017 9:15,54.0934,20.15,,,,,
163,10/13/2017 9:30,54.0934,20.1,,,,,
164,10/13/2017 9:45,54.0934,20.07,,,,,
165,10/13/2017 10:00,54.0934,20,,,,,
166,10/13/2017 10:15,54.0934,20.01,,,,,
167,10/13/2017 10:30,54.0934,20.01,,,,,
168,10/13/2017 10:45,54.0934,20.07,,,,,
169,10/13/2017 11:00,54.0934,20.6,,,,,
170,10/13/2017 11:15,54.0934,21.07,,,,,
171,10/13/2017 11:30,54.0934,21.23,,,,,
172,10/13/2017 11:45,54.0934,21.29,,,,,
173,10/13/2017 12:00,54.0934,21.51,,,,,
174,10/13/2017 12:15,54.0934,21.74,,,,,
175,10/13/2017 12:30,54.0934,21.99,,,,,
176,10/13/2017 12:45,54.0934,22.3,,,,,
177,10/13/2017 13:00,54.0934,22.52,,,,,
178,10/13/2017 13:15,54.0934,22.74,,,,,
179,10/13/2017 13:30,54.0934,22.82,,,,,
180,10/13/2017 13:45,54.0934,22.93,,,,,
181,10/13/2017 14:00,54.0934,23.05,,,,,
182,10/13/2017 14:15,54.0934,23.25,,,,,
183,10/13/2017 14:30,54.0934,23.42,,,,,
184,10/13/2017 14:45,54.0934,23.5,,,,,
185,10/13/2017 15:00,54.0934,23.63,,,,,
186,10/13/2017 15:15,54.0934,23.73,,,,,
187,10/13/2017 15:30,54.0934,23.78,,,,,
188,10/13/2017 15:45,54.0934,23.86,,,,,
189,10/13/2017 16:00,54.0934,23.92,,,,,
190,10/13/2017 16:15,54.0934,23.95,,,,,
191,10/13/2017 16:30,54.0934,23.95,,,,,
192,10/13/2017 16:45,54.0934,23.97,,,,,
193,10/13/2017 17:00,54.0934,24.01,,,,,
194,10/13/2017 17:15,54.0934,24.01,,,,,
195,10/13/2017 17:30,54.0934,24,,,,,
196,10/13/2017 17:45,54.0934,23.93,,,,,
197,10/13/2017 18:00,54.0934,23.86,,,,,
198,10/13/2017 18:15,54.0934,23.79,,,,,
199,10/13/2017 18:30,54.0934,23.77,,,,,
200,10/13/2017 18:45,54.0934,23.76,,,,,
201,10/13/2017 19:00,54.0934,23.7,,,,,
202,10/13/2017 19:15,54.0934,23.55,,,,,
203,10/13/2017 19:30,54.0934,23.42,,,,,
204,10/13/2017 19:45,54.0934,23.33,,,,,
205,10/13/2017 20:00,54.0934,23.25,,,,,
206,10/13/2017 20:15,54.0934,23.16,,,,,
207,10/13/2017 20:30,54.0934,23.07,,,,,
208,10/13/2017 20:45,54.0934,22.98,,,,,
209,10/13/2017 21:00,54.0934,22.9,,,,,
210,10/13/2017 21:15,54.0934,22.81,,,,,
211,10/13/2017 21:30,54.0934,22.56,,,,,
212,10/13/2017 21:45,54.0934,22.48,,,,,
213,10/13/2017 22:00,54.0934,22.38,,,,,
214,10/13/2017 22:15,54.0934,22.31,,,,,
215,10/13/2017 22:30,54.0934,22.26,,,,,
216,10/13/2017 22:45,54.0934,22.15,,,,,
217,10/13/2017 23:00,54.0934,22.05,,,,,
218,10/13/2017 23:15,54.0934,21.92,,,,,
219,10/13/2017 23:30,54.0934,21.93,,,,,
220,10/13/2017 23:45,54.0934,21.85,,,,,
221,10/14/2017 0:00,54.0934,21.79,,,,,
222,10/14/2017 0:15,54.0934,21.71,,,,,
223,10/14/2017 0:30,54.0934,21.63,,,,,
224,10/14/2017 0:45,54.0934,21.58,,,,,
225,10/14/2017 1:00,54.0934,21.52,,,,,
226,10/14/2017 1:15,54.0934,21.45,,,,,
227,10/14/2017 1:30,54.0934,21.38,,,,,
228,10/14/2017 1:45,54.0934,21.3,,,,,
229,10/14/2017 2:00,54.0934,21.2,,,,,
230,10/14/2017 2:15,54.0934,21.11,,,,,
231,10/14/2017 2:30,54.0934,21.08,,,,,
232,10/14/2017 2:45,54.0934,21.02,,,,,
233,10/14/2017 3:00,54.0934,20.94,,,,,
234,10/14/2017 3:15,54.0934,20.87,,,,,
235,10/14/2017 3:30,54.0934,20.83,,,,,
236,10/14/2017 3:45,54.0934,20.78,,,,,
237,10/14/2017 4:00,54.0934,20.73,,,,,
238,10/14/2017 4:15,54.0934,20.65,,,,,
239,10/14/2017 4:30,54.0934,20.61,,,,,
240,10/14/2017 4:45,54.0934,20.56,,,,,
241,10/14/2017 5:00,54.0934,20.51,,,,,
242,10/14/2017 5:15,54.0934,20.47,,,,,
243,10/14/2017 5:30,54.0934,20.4,,,,,
244,10/14/2017 5:45,54.0934,20.34,,,,,
245,10/14/2017 6:00,54.0934,20.28,,,,,
246,10/14/2017 6:15,54.0934,20.25,,,,,
247,10/14/2017 6:30,54.0934,20.22,,,,,
248,10/14/2017 6:45,54.0934,20.19,,,,,
249,10/14/2017 7:00,54.0934,20.12,,,,,
250,10/14/2017 7:15,54.0934,20.07,,,,,
251,10/14/2017 7:30,54.0934,20,,,,,
252,10/14/2017 7:45,54.0934,19.95,,,,,
253,10/14/2017 8:00,54.0934,19.92,,,,,
254,10/14/2017 8:15,54.0934,19.86,,,,,
255,10/14/2017 8:30,54.0934,19.83,,,,,
256,10/14/2017 8:45,54.0934,19.8,,,,,
257,10/14/2017 9:00,54.0934,19.78,,,,,
258,10/14/2017 9:15,54.0934,19.79,,,,,
259,10/14/2017 9:30,54.0934,19.78,,,,,
260,10/14/2017 9:45,54.0934,19.78,,,,,
261,10/14/2017 10:00,54.0934,19.88,,,,,
262,10/14/2017 10:15,54.0934,19.94,,,,,
263,10/14/2017 10:30,54.0934,19.78,,,,,
264,10/14/2017 10:45,54.0934,20.19,,,,,
265,10/14/2017 11:00,54.0934,20.31,,,,,
266,10/14/2017 11:15,54.0934,20.54,,,,,
267,10/14/2017 11:30,54.0934,20.73,,,,,
268,10/14/2017 11:45,54.0934,21,,,,,
269,10/14/2017 12:00,54.0934,21.31,,,,,
270,10/14/2017 12:15,54.0934,21.53,,,,,
271,10/14/2017 12:30,54.0934,21.82,,,,,
272,10/14/2017 12:45,54.0934,21.98,,,,,
273,10/14/2017 13:00,54.0934,22.13,,,,,
274,10/14/2017 13:15,54.0934,22.33,,,,,
275,10/14/2017 13:30,54.0934,22.5,,,,,
276,10/14/2017 13:45,54.0934,22.73,,,,,
277,10/14/2017 14:00,54.0934,22.98,,,,,
278,10/14/2017 14:15,54.0934,23.2,,,,,
279,10/14/2017 14:30,54.0934,23.25,,,,,
280,10/14/2017 14:45,54.0934,23.31,,,,,
281,10/14/2017 15:00,54.0934,23.43,,,,,
282,10/14/2017 15:15,54.0934,23.5,,,,,
283,10/14/2017 15:30,54.0934,23.63,,,,,
284,10/14/2017 15:45,54.0934,23.71,,,,,
285,10/14/2017 16:00,54.0934,23.74,,,,,
286,10/14/2017 16:15,54.0934,23.76,,,,,
287,10/14/2017 16:30,54.0934,23.77,,,,,
288,10/14/2017 16:45,54.0934,23.79,,,,,
289,10/14/2017 17:00,54.0934,23.78,,,,,
290,10/14/2017 17:15,54.0934,23.76,,,,,
291,10/14/2017 17:30,54.0934,23.73,,,,,
292,10/14/2017 17:45,54.0934,23.67,,,,,
293,10/14/2017 18:00,54.0934,23.63,,,,,
294,10/14/2017 18:15,54.0934,23.56,,,,,
295,10/14/2017 18:30,54.0934,23.54,,,,,
296,10/14/2017 18:45,54.0934,23.51,,,,,
297,10/14/2017 19:00,54.0934,23.47,,,,,
298,10/14/2017 19:15,54.0934,23.41,,,,,
299,10/14/2017 19:30,54.0934,23.34,,,,,
300,10/14/2017 19:45,54.0934,23.27,,,,,
301,10/14/2017 20:00,54.0934,23.17,,,,,
302,10/14/2017 20:15,54.0934,23.03,,,,,
303,10/14/2017 20:30,54.0934,22.87,,,,,
304,10/14/2017 20:45,54.0934,22.74,,,,,
305,10/14/2017 21:00,54.0934,22.61,,,,,
306,10/14/2017 21:15,54.0934,22.56,,,,,
307,10/14/2017 21:30,54.0934,22.5,,,,,
308,10/14/2017 21:45,54.0934,22.46,,,,,
309,10/14/2017 22:00,54.0934,22.38,,,,,
310,10/14/2017 22:15,54.0934,22.35,,,,,
311,10/14/2017 22:30,54.0934,22.22,,,,,
312,10/14/2017 22:45,54.0934,22.14,,,,,
313,10/14/2017 23:00,54.0934,22.07,,,,,
314,10/14/2017 23:15,54.0934,21.99,,,,,
315,10/14/2017 23:30,54.0934,21.9,,,,,
316,10/14/2017 23:45,54.0934,21.82,,,,,
317,10/15/2017 0:00,54.0934,21.74,,,,,
318,10/15/2017 0:15,54.0934,21.66,,,,,
319,10/15/2017 0:30,54.0934,21.58,,,,,
320,10/15/2017 0:45,54.0934,21.48,,,,,
321,10/15/2017 1:00,54.0934,21.43,,,,,
322,10/15/2017 1:15,54.0934,21.35,,,,,
323,10/15/2017 1:30,54.0934,21.26,,,,,
324,10/15/2017 1:45,54.0934,21.17,,,,,
325,10/15/2017 2:00,54.0934,21.1,,,,,
326,10/15/2017 2:15,54.0934,21.02,,,,,
327,10/15/2017 2:30,54.0934,20.96,,,,,
328,10/15/2017 2:45,54.0934,20.91,,,,,
329,10/15/2017 3:00,54.0934,20.84,,,,,
330,10/15/2017 3:15,54.0934,20.78,,,,,
331,10/15/2017 3:30,54.0934,20.65,,,,,
332,10/15/2017 3:45,54.0934,20.62,,,,,
333,10/15/2017 4:00,54.0934,20.57,,,,,
334,10/15/2017 4:15,54.0934,20.51,,,,,
335,10/15/2017 4:30,54.0934,20.45,,,,,
336,10/15/2017 4:45,54.0934,20.4,,,,,
337,10/15/2017 5:00,54.0934,20.34,,,,,
338,10/15/2017 5:15,54.0934,20.27,,,,,
339,10/15/2017 5:30,54.0934,20.23,,,,,
340,10/15/2017 5:45,54.0934,20.17,,,,,
341,10/15/2017 6:00,54.0934,20.12,,,,,
342,10/15/2017 6:15,54.0934,20.07,,,,,
343,10/15/2017 6:30,54.0934,20.02,,,,,
344,10/15/2017 6:45,54.0934,19.95,,,,,
345,10/15/2017 7:00,54.0934,19.89,,,,,
346,10/15/2017 7:15,54.0934,19.88,,,,,
347,10/15/2017 7:30,54.0934,19.81,,,,,
348,10/15/2017 7:45,54.0934,19.74,,,,,
349,10/15/2017 8:00,54.0934,19.67,,,,,
350,10/15/2017 8:15,54.0934,19.62,,,,,
351,10/15/2017 8:30,54.0934,19.58,,,,,
352,10/15/2017 8:45,54.0934,19.55,,,,,
353,10/15/2017 9:00,54.0934,19.51,,,,,
354,10/15/2017 9:15,54.0934,19.47,,,,,
355,10/15/2017 9:30,54.0934,19.36,,,,,
356,10/15/2017 9:45,54.0934,19.45,,,,,
357,10/15/2017 10:00,54.0934,19.6,,,,,
358,10/15/2017 10:15,54.0934,19.72,,,,,
359,10/15/2017 10:30,54.0934,19.8,,,,,
360,10/15/2017 10:45,54.0934,19.89,,,,,
361,10/15/2017 11:00,54.0934,20.01,,,,,
362,10/15/2017 11:15,54.0934,20.22,,,,,
363,10/15/2017 11:30,54.0934,20.4,,,,,
364,10/15/2017 11:45,54.0934,20.66,,,,,
365,10/15/2017 12:00,54.0934,20.88,,,,,
366,10/15/2017 12:15,54.0934,21.05,,,,,
367,10/15/2017 12:30,54.0934,21.26,,,,,
368,10/15/2017 12:45,54.0934,21.65,,,,,
369,10/15/2017 13:00,54.0934,21.92,,,,,
370,10/15/2017 13:15,54.0934,22.15,,,,,
371,10/15/2017 13:30,54.0934,22.24,,,,,
372,10/15/2017 13:45,54.0934,22.48,,,,,
373,10/15/2017 14:00,54.0934,22.75,,,,,
374,10/15/2017 14:15,54.0934,22.89,,,,,
375,10/15/2017 14:30,54.0934,23.07,,,,,
376,10/15/2017 14:45,54.0934,23.19,,,,,
377,10/15/2017 15:00,54.0934,23.27,,,,,
378,10/15/2017 15:15,54.0934,23.42,,,,,
379,10/15/2017 15:30,54.0934,23.59,,,,,
380,10/15/2017 15:45,54.0934,23.67,,,,,
381,10/15/2017 16:00,54.0934,23.71,,,,,
382,10/15/2017 16:15,54.0934,23.72,,,,,
383,10/15/2017 16:30,54.0934,23.72,,,,,
384,10/15/2017 16:45,54.0934,23.71,,,,,
385,10/15/2017 17:00,54.0934,23.72,,,,,
386,10/15/2017 17:15,54.0934,23.71,,,,,
387,10/15/2017 17:30,54.0934,23.67,,,,,
388,10/15/2017 17:45,54.0934,23.61,,,,,
389,10/15/2017 18:00,54.0934,23.58,,,,,
390,10/15/2017 18:15,54.0934,23.55,,,,,
391,10/15/2017 18:30,54.0934,23.43,,,,,
392,10/15/2017 18:45,54.0934,23.34,,,,,
393,10/15/2017 19:00,54.0934,23.34,,,,,
394,10/15/2017 19:15,54.0934,23.31,,,,,
395,10/15/2017 19:30,54.0934,23.25,,,,,
396,10/15/2017 19:45,54.0934,23.17,,,,,
397,10/15/2017 20:00,54.0934,23.14,,,,,
398,10/15/2017 20:15,54.0934,23.17,,,,,
399,10/15/2017 20:30,54.0934,23.19,,,,,
400,10/15/2017 20:45,54.0934,23.2,,,,,
401,10/15/2017 21:00,54.0934,22.98,,,,,
402,10/15/2017 21:15,54.0934,22.73,,,,,
403,10/15/2017 21:30,54.0934,22.58,,,,,
404,10/15/2017 21:45,54.0934,22.48,,,,,
405,10/15/2017 22:00,54.0934,22.34,,,,,
406,10/15/2017 22:15,54.0934,22.2,,,,,
407,10/15/2017 22:30,54.0934,22.12,,,,,
408,10/15/2017 22:45,54.0934,22.06,,,,,
409,10/15/2017 23:00,54.0934,21.99,,,,,
410,10/15/2017 23:15,54.0934,21.91,,,,,
411,10/15/2017 23:30,54.0934,21.82,,,,,
412,10/15/2017 23:45,54.0934,21.73,,,,,
413,10/16/2017 0:00,54.0934,21.65,,,,,
414,10/16/2017 0:15,54.0934,21.55,,,,,
415,10/16/2017 0:30,54.0934,21.5,,,,,
416,10/16/2017 0:45,54.0934,21.43,,,,,
417,10/16/2017 1:00,54.0934,21.37,,,,,
418,10/16/2017 1:15,54.0934,21.28,,,,,
419,10/16/2017 1:30,54.0934,21.2,,,,,
420,10/16/2017 1:45,54.0934,21.13,,,,,
421,10/16/2017 2:00,54.0934,21.09,,,,,
422,10/16/2017 2:15,54.0934,21,,,,,
423,10/16/2017 2:30,54.0934,20.93,,,,,
424,10/16/2017 2:45,54.0934,20.85,,,,,
425,10/16/2017 3:00,54.0934,20.76,,,,,
426,10/16/2017 3:15,54.0934,20.71,,,,,
427,10/16/2017 3:30,54.0934,20.63,,,,,
428,10/16/2017 3:45,54.0934,20.54,,,,,
429,10/16/2017 4:00,54.0934,20.47,,,,,
430,10/16/2017 4:15,54.0934,20.4,,,,,
431,10/16/2017 4:30,54.0934,20.32,,,,,
432,10/16/2017 4:45,54.0934,20.25,,,,,
433,10/16/2017 5:00,54.0934,20.19,,,,,
434,10/16/2017 5:15,54.0934,20.16,,,,,
435,10/16/2017 5:30,54.0934,20.13,,,,,
436,10/16/2017 5:45,54.0934,20.03,,,,,
437,10/16/2017 6:00,54.0934,19.98,,,,,
438,10/16/2017 6:15,54.0934,19.94,,,,,
439,10/16/2017 6:30,54.0934,19.87,,,,,
440,10/16/2017 6:45,54.0934,19.81,,,,,
441,10/16/2017 7:00,54.0934,19.77,,,,,
442,10/16/2017 7:15,54.0934,19.72,,,,,
443,10/16/2017 7:30,54.0934,19.7,,,,,
444,10/16/2017 7:45,54.0934,19.64,,,,,
445,10/16/2017 8:00,54.0934,19.6,,,,,
446,10/16/2017 8:15,54.0934,19.55,,,,,
447,10/16/2017 8:30,54.0934,19.51,,,,,
448,10/16/2017 8:45,54.0934,19.48,,,,,
449,10/16/2017 9:00,54.0934,19.45,,,,,
450,10/16/2017 9:15,54.0934,19.38,,,,,
451,10/16/2017 9:30,54.0934,19.35,,,,,
452,10/16/2017 9:45,54.0934,19.35,,,,,
453,10/16/2017 10:00,54.0934,19.43,,,,,
454,10/16/2017 10:15,54.0934,19.48,,,,,
455,10/16/2017 10:30,54.0934,19.65,,,,,
456,10/16/2017 10:45,54.0934,19.81,,,,,
457,10/16/2017 11:00,54.0934,20,,,,,
458,10/16/2017 11:15,54.0934,20.2,,,,,
459,10/16/2017 11:30,54.0934,20.43,,,,,
460,10/16/2017 11:45,54.0934,20.69,,,,,
461,10/16/2017 12:00,54.0934,20.95,,,,,
462,10/16/2017 12:15,54.0934,21.22,,,,,
463,10/16/2017 12:30,54.0934,21.65,,,,,
464,10/16/2017 12:45,54.0934,21.78,,,,,
465,10/16/2017 13:00,54.0934,21.91,,,,,
466,10/16/2017 13:15,54.0934,22.29,,,,,
467,10/16/2017 13:30,54.0934,22.46,,,,,
468,10/16/2017 13:45,54.0934,22.72,,,,,
469,10/16/2017 14:00,54.0934,22.9,,,,,
470,10/16/2017 14:15,54.0934,23.06,,,,,
471,10/16/2017 14:30,54.0934,23.33,,,,,
472,10/16/2017 14:45,54.0934,23.52,,,,,
473,10/16/2017 15:00,54.0934,23.56,,,,,
474,10/16/2017 15:15,54.0934,23.61,,,,,
475,10/16/2017 15:30,54.0934,23.73,,,,,
476,10/16/2017 15:45,54.0934,23.88,,,,,
477,10/16/2017 16:00,54.0934,23.95,,,,,
478,10/16/2017 16:15,54.0934,24,,,,,
479,10/16/2017 16:30,54.0934,24,,,,,
480,10/16/2017 16:45,54.0934,24.01,,,,,
481,10/16/2017 17:00,54.0934,23.97,,,,,
482,10/16/2017 17:15,54.0934,23.96,,,,,
483,10/16/2017 17:30,54.0934,23.93,,,,,
484,10/16/2017 17:45,54.0934,23.84,,,,,
485,10/16/2017 18:00,54.0934,23.79,,,,,
486,10/16/2017 18:15,54.0934,23.76,,,,,
487,10/16/2017 18:30,54.0934,23.73,,,,,
488,10/16/2017 18:45,54.0934,23.67,,,,,
489,10/16/2017 19:00,54.0934,23.59,,,,,
490,10/16/2017 19:15,54.0934,23.56,,,,,
491,10/16/2017 19:30,54.0934,23.49,,,,,
492,10/16/2017 19:45,54.0934,23.44,,,,,
493,10/16/2017 20:00,54.0934,23.41,,,,,
494,10/16/2017 20:15,54.0934,23.27,,,,,
495,10/16/2017 20:30,54.0934,23.2,,,,,
496,10/16/2017 20:45,54.0934,22.99,,,,,
497,10/16/2017 21:00,54.0934,22.87,,,,,
498,10/16/2017 21:15,54.0934,22.79,,,,,
499,10/16/2017 21:30,54.0934,22.57,,,,,
500,10/16/2017 21:45,54.0934,22.41,,,,,
501,10/16/2017 22:00,54.0934,22.31,,,,,
502,10/16/2017 22:15,54.0934,22.27,,,,,
503,10/16/2017 22:30,54.0934,22.19,,,,,
504,10/16/2017 22:45,54.0934,22.15,,,,,
505,10/16/2017 23:00,54.0934,22.13,,,,,
506,10/16/2017 23:15,54.0934,22.01,,,,,
507,10/16/2017 23:30,54.0934,21.98,,,,,
508,10/16/2017 23:45,54.0934,21.91,,,,,
509,10/17/2017 0:00,54.0934,21.84,,,,,
510,10/17/2017 0:15,54.0934,21.81,,,,,
511,10/17/2017 0:30,54.0934,21.73,,,,,
512,10/17/2017 0:45,54.0934,21.67,,,,,
513,10/17/2017 1:00,54.0934,21.62,,,,,
514,10/17/2017 1:15,54.0934,21.54,,,,,
515,10/17/2017 1:30,54.0934,21.47,,,,,
516,10/17/2017 1:45,54.0934,21.43,,,,,
517,10/17/2017 2:00,54.0934,21.33,,,,,
518,10/17/2017 2:15,54.0934,21.35,,,,,
519,10/17/2017 2:30,54.0934,21.31,,,,,
520,10/17/2017 2:45,54.0934,21.18,,,,,
521,10/17/2017 3:00,54.0934,21.13,,,,,
522,10/17/2017 3:15,54.0934,21.08,,,,,
523,10/17/2017 3:30,54.0934,21.05,,,,,
524,10/17/2017 3:45,54.0934,20.96,,,,,
525,10/17/2017 4:00,54.0934,20.92,,,,,
526,10/17/2017 4:15,54.0934,20.88,,,,,
527,10/17/2017 4:30,54.0934,20.81,,,,,
528,10/17/2017 4:45,54.0934,20.76,,,,,
529,10/17/2017 5:00,54.0934,20.69,,,,,
530,10/17/2017 5:15,54.0934,20.64,,,,,
531,10/17/2017 5:30,54.0934,20.6,,,,,
532,10/17/2017 5:45,54.0934,20.55,,,,,
533,10/17/2017 6:00,54.0934,20.49,,,,,
534,10/17/2017 6:15,54.0934,20.43,,,,,
535,10/17/2017 6:30,54.0934,20.39,,,,,
536,10/17/2017 6:45,54.0934,20.35,,,,,
537,10/17/2017 7:00,54.0934,20.31,,,,,
538,10/17/2017 7:15,54.0934,20.3,,,,,
539,10/17/2017 7:30,54.0934,20.28,,,,,
540,10/17/2017 7:45,54.0934,20.27,,,,,
541,10/17/2017 8:00,54.0934,20.22,,,,,
542,10/17/2017 8:15,54.0934,20.27,,,,,
543,10/17/2017 8:30,54.0934,20.26,,,,,
544,10/17/2017 8:45,54.0934,20.26,,,,,
545,10/17/2017 9:00,54.0934,20.25,,,,,
546,10/17/2017 9:15,54.0934,20.25,,,,,
547,10/17/2017 9:30,54.0934,20.27,,,,,
548,10/17/2017 9:45,54.0934,20.33,,,,,
549,10/17/2017 10:00,54.0934,20.33,,,,,
550,10/17/2017 10:15,54.0934,20.36,,,,,
551,10/17/2017 10:30,54.0934,20.4,,,,,
552,10/17/2017 10:45,54.0934,20.45,,,,,
553,10/17/2017 11:00,54.0934,20.42,,,,,
554,10/17/2017 11:15,54.0934,20.46,,,,,
555,10/17/2017 11:30,54.0934,20.46,,,,,
556,10/17/2017 11:45,54.0934,20.53,,,,,
557,10/17/2017 12:00,54.0934,20.49,,,,,
558,10/17/2017 12:15,54.0934,20.45,,,,,
559,10/17/2017 12:30,54.0934,20.4,,,,,
560,10/17/2017 12:45,54.0934,21.99,,,,,
561,10/17/2017 13:00,54.0934,21.92,,,,,
562,10/17/2017 13:15,54.0934,22.38,,,,,
563,10/17/2017 13:30,54.0934,22.83,,,,,
564,10/17/2017 13:45,54.0934,22.91,,,,,
565,10/17/2017 14:00,54.0934,23.27,,,,,
566,10/17/2017 14:15,54.0934,23.55,,,,,
567,10/17/2017 14:30,54.0934,23.57,,,,,
568,10/17/2017 14:45,54.0934,23.65,,,,,
569,10/17/2017 15:00,54.0934,23.85,,,,,
570,10/17/2017 15:15,54.0934,23.93,,,,,
571,10/17/2017 15:30,54.0934,23.91,,,,,
572,10/17/2017 15:45,54.0934,23.91,,,,,
573,10/17/2017 16:00,54.0934,23.81,,,,,
574,10/17/2017 16:15,54.0934,24.03,,,,,
575,10/17/2017 16:30,54.0934,23.91,,,,,
576,10/17/2017 16:45,54.0934,23.86,,,,,
577,10/17/2017 17:00,54.0934,23.82,,,,,
578,10/17/2017 17:15,54.0934,23.71,,,,,
579,10/17/2017 17:30,54.0934,23.52,,,,,
580,10/17/2017 17:45,54.0934,23.21,,,,,
581,10/17/2017 18:00,54.0934,23.06,,,,,
582,10/17/2017 18:15,54.0934,23.14,,,,,
583,10/17/2017 18:30,54.0934,23.03,,,,,
584,10/17/2017 18:45,54.0934,22.95,,,,,
585,10/17/2017 19:00,54.0934,22.89,,,,,
586,10/17/2017 19:15,54.0934,22.9,,,,,
587,10/17/2017 19:30,54.0934,22.86,,,,,
588,10/17/2017 19:45,54.0934,22.81,,,,,
589,10/17/2017 20:00,54.0934,22.73,,,,,
590,10/17/2017 20:15,54.0934,22.67,,,,,
591,10/17/2017 20:30,54.0934,22.59,,,,,
592,10/17/2017 20:45,54.0934,22.57,,,,,
593,10/17/2017 21:00,54.0934,22.49,,,,,
594,10/17/2017 21:15,54.0934,22.42,,,,,
595,10/17/2017 21:30,54.0934,22.38,,,,,
596,10/17/2017 21:45,54.0934,22.36,,,,,
597,10/17/2017 22:00,54.0934,22.31,,,,,
598,10/17/2017 22:15,54.0934,22.31,,,,,
599,10/17/2017 22:30,54.0934,22.35,,,,,
600,10/17/2017 22:45,54.0934,22.35,,,,,
601,10/17/2017 23:00,54.0934,22.34,,,,,
602,10/17/2017 23:15,54.0934,22.29,,,,,
603,10/17/2017 23:30,54.0934,22.21,,,,,
604,10/17/2017 23:45,54.0934,22.13,,,,,
605,10/18/2017 0:00,54.0934,21.96,,,,,
606,10/18/2017 0:15,54.0934,21.92,,,,,
607,10/18/2017 0:30,54.0934,21.92,,,,,
608,10/18/2017 0:45,54.0934,21.88,,,,,
609,10/18/2017 1:00,54.0934,21.85,,,,,
610,10/18/2017 1:15,54.0934,21.82,,,,,
611,10/18/2017 1:30,54.0934,21.66,,,,,
612,10/18/2017 1:45,54.0934,21.63,,,,,
613,10/18/2017 2:00,54.0934,21.56,,,,,
614,10/18/2017 2:15,54.0934,21.56,,,,,
615,10/18/2017 2:30,54.0934,21.52,,,,,
616,10/18/2017 2:45,54.0934,21.46,,,,,
617,10/18/2017 3:00,54.0934,21.45,,,,,
618,10/18/2017 3:15,54.0934,21.43,,,,,
619,10/18/2017 3:30,54.0934,21.35,,,,,
620,10/18/2017 3:45,54.0934,21.3,,,,,
621,10/18/2017 4:00,54.0934,21.24,,,,,
622,10/18/2017 4:15,54.0934,21.28,,,,,
623,10/18/2017 4:30,54.0934,21.28,,,,,
624,10/18/2017 4:45,54.0934,21.26,,,,,
625,10/18/2017 5:00,54.0934,21.26,,,,,
626,10/18/2017 5:15,54.0934,21.18,,,,,
627,10/18/2017 5:30,54.0934,21.13,,,,,
628,10/18/2017 5:45,54.0934,21.1,,,,,
629,10/18/2017 6:00,54.0934,21.08,,,,,
630,10/18/2017 6:15,54.0934,21.06,,,,,
631,10/18/2017 6:30,54.0934,21,,,,,
632,10/18/2017 6:45,54.0934,20.94,,,,,
633,10/18/2017 7:00,54.0934,20.93,,,,,
634,10/18/2017 7:15,54.0934,20.91,,,,,
635,10/18/2017 7:30,54.0934,20.92,,,,,
636,10/18/2017 7:45,54.0934,20.88,,,,,
637,10/18/2017 8:00,54.0934,20.86,,,,,
638,10/18/2017 8:15,54.0934,20.84,,,,,
639,10/18/2017 8:30,54.0934,20.8,,,,,
640,10/18/2017 8:45,54.0934,20.79,,,,,
641,10/18/2017 9:00,54.0934,20.79,,,,,
642,10/18/2017 9:15,54.0934,20.78,,,,,
643,10/18/2017 9:30,54.0934,20.77,,,,,
644,10/18/2017 9:45,54.0934,20.88,,,,,
645,10/18/2017 10:00,54.0934,21.05,,,,,
646,10/18/2017 10:15,54.0934,20.99,,,,,
647,10/18/2017 10:30,54.0934,21.06,,,,,
648,10/18/2017 10:45,54.0934,20.93,,,,,
649,10/18/2017 11:00,54.0934,21,,,,,
650,10/18/2017 11:15,54.0934,21.16,,,,,
651,10/18/2017 11:30,54.0934,21.55,,,,,
652,10/18/2017 11:45,54.0934,22.01,,,,,
653,10/18/2017 12:00,54.0934,22.41,,,,,
654,10/18/2017 12:15,54.0934,22.61,,,,,
655,10/18/2017 12:30,54.0934,22.91,,,,,
656,10/18/2017 12:45,54.0934,22.79,,,,,
657,10/18/2017 13:00,54.0934,23.56,,,,,
658,10/18/2017 13:15,54.0934,23.04,,,,,
659,10/18/2017 13:30,54.0934,23.09,,,,,
660,10/18/2017 13:45,54.0934,23.24,,,,,
661,10/18/2017 14:00,54.0934,24.44,,,,,
662,10/18/2017 14:15,54.0934,24.24,,,,,
663,10/18/2017 14:30,54.0934,24.84,,,,,
664,10/18/2017 14:45,54.0934,24.95,,,,,
665,10/18/2017 15:00,54.0934,25.2,,,,,
666,10/18/2017 15:15,54.0934,25.15,,,,,
667,10/18/2017 15:30,54.0934,25.12,,,,,
668,10/18/2017 15:45,54.0934,25.25,,,,,
669,10/18/2017 16:00,54.0934,25.2,,,,,
670,10/18/2017 16:15,54.0934,25.2,,,,,
671,10/18/2017 16:30,54.0934,25.2,,,,,
672,10/18/2017 16:45,54.0934,25.21,,,,,
673,10/18/2017 17:00,54.0934,25.19,,,,,
674,10/18/2017 17:15,54.0934,25.12,,,,,
675,10/18/2017 17:30,54.0934,25.05,,,,,
676,10/18/2017 17:45,54.0934,24.97,,,,,
677,10/18/2017 18:00,54.0934,24.9,,,,,
678,10/18/2017 18:15,54.0934,24.86,,,,,
679,10/18/2017 18:30,54.0934,24.79,,,,,
680,10/18/2017 18:45,54.0934,24.7,,,,,
681,10/18/2017 19:00,54.0934,24.63,,,,,
682,10/18/2017 19:15,54.0934,24.6,,,,,
683,10/18/2017 19:30,54.0934,24.53,,,,,
684,10/18/2017 19:45,54.0934,24.42,,,,,
685,10/18/2017 20:00,54.0934,24.32,,,,,
686,10/18/2017 20:15,54.0934,24.19,,,,,
687,10/18/2017 20:30,54.0934,23.97,,,,,
688,10/18/2017 20:45,54.0934,23.57,,,,,
689,10/18/2017 21:00,54.0934,23.27,,,,,
690,10/18/2017 21:15,54.0934,23.17,,,,,
691,10/18/2017 21:30,54.0934,22.91,,,,,
692,10/18/2017 21:45,54.0934,22.78,,,,,
693,10/18/2017 22:00,54.0934,22.59,,,,,
694,10/18/2017 22:15,54.0934,22.57,,,,,
695,10/18/2017 22:30,54.0934,22.5,,,,,
696,10/18/2017 22:45,54.0934,22.45,,,,,
697,10/18/2017 23:00,54.0934,22.27,,,,,
698,10/18/2017 23:15,54.0934,22.26,,,,,
699,10/18/2017 23:30,54.0934,22.08,,,,,
700,10/18/2017 23:45,54.0934,22.13,,,,,
701,10/19/2017 0:00,54.0934,22.14,,,,,
702,10/19/2017 0:15,54.0934,22.12,,,,,
703,10/19/2017 0:30,54.0934,22.09,,,,,
704,10/19/2017 0:45,54.0934,22.21,,,,,
705,10/19/2017 1:00,54.0934,22.16,,,,,
706,10/19/2017 1:15,54.0934,22.08,,,,,
707,10/19/2017 1:30,54.0934,22.01,,,,,
708,10/19/2017 1:45,54.0934,21.96,,,,,
709,10/19/2017 2:00,54.0934,21.86,,,,,
710,10/19/2017 2:15,54.0934,21.82,,,,,
711,10/19/2017 2:30,54.0934,21.78,,,,,
712,10/19/2017 2:45,54.0934,21.74,,,,,
713,10/19/2017 3:00,54.0934,21.7,,,,,
714,10/19/2017 3:15,54.0934,21.65,,,,,
715,10/19/2017 3:30,54.0934,21.65,,,,,
716,10/19/2017 3:45,54.0934,21.71,,,,,
717,10/19/2017 4:00,54.0934,21.67,,,,,
718,10/19/2017 4:15,54.0934,21.53,,,,,
719,10/19/2017 4:30,54.0934,21.51,,,,,
720,10/19/2017 4:45,54.0934,21.48,,,,,
721,10/19/2017 5:00,54.0934,21.43,,,,,
722,10/19/2017 5:15,54.0934,21.36,,,,,
723,10/19/2017 5:30,54.0934,21.29,,,,,
724,10/19/2017 5:45,54.0934,21.24,,,,,
725,10/19/2017 6:00,54.0934,21.18,,,,,
726,10/19/2017 6:15,54.0934,21.11,,,,,
727,10/19/2017 6:30,54.0934,21.06,,,,,
728,10/19/2017 6:45,54.0934,20.98,,,,,
729,10/19/2017 7:00,54.0934,20.92,,,,,
730,10/19/2017 7:15,54.0934,20.85,,,,,
731,10/19/2017 7:30,54.0934,20.76,,,,,
732,10/19/2017 7:45,54.0934,20.72,,,,,
733,10/19/2017 8:00,54.0934,20.72,,,,,
734,10/19/2017 8:15,54.0934,20.69,,,,,
735,10/19/2017 8:30,54.0934,20.64,,,,,
736,10/19/2017 8:45,54.0934,20.63,,,,,
737,10/19/2017 9:00,54.0934,20.62,,,,,
738,10/19/2017 9:15,54.0934,20.62,,,,,
739,10/19/2017 9:30,54.0934,20.64,,,,,
740,10/19/2017 9:45,54.0934,20.71,,,,,
741,10/19/2017 10:00,54.0934,20.75,,,,,
742,10/19/2017 10:15,54.0934,20.73,,,,,
743,10/19/2017 10:30,54.0934,20.66,,,,,
744,10/19/2017 10:45,54.0934,20.66,,,,,
745,10/19/2017 11:00,54.0934,20.69,,,,,
746,10/19/2017 11:15,54.0934,20.78,,,,,
747,10/19/2017 11:30,54.0934,22.08,,,,,
748,10/19/2017 11:45,54.0934,21.97,,,,,
749,10/19/2017 12:00,54.0934,21.86,,,,,
750,10/19/2017 12:15,54.0934,21.94,,,,,
751,10/19/2017 12:30,54.0934,22,,,,,
752,10/19/2017 12:45,54.0934,22.19,,,,,
753,10/19/2017 13:00,54.0934,23.24,,,,,
754,10/19/2017 13:15,54.0934,23.54,,,,,
755,10/19/2017 13:30,54.0934,23.58,,,,,
756,10/19/2017 13:45,54.0934,23.84,,,,,
757,10/19/2017 14:00,54.0934,24,,,,,
758,10/19/2017 14:15,54.0934,24.16,,,,,
759,10/19/2017 14:30,54.0934,24.37,,,,,
760,10/19/2017 14:45,54.0934,24.61,,,,,
761,10/19/2017 15:00,54.0934,24.55,,,,,
762,10/19/2017 15:15,54.0934,24.6,,,,,
763,10/19/2017 15:30,54.0934,24.42,,,,,
764,10/19/2017 15:45,54.0934,24.57,,,,,
765,10/19/2017 16:00,54.0934,24.45,,,,,
766,10/19/2017 16:15,54.0934,24.39,,,,,
767,10/19/2017 16:30,54.0934,24.42,,,,,
768,10/19/2017 16:45,54.0934,24.41,,,,,
769,10/19/2017 17:00,54.0934,24.38,,,,,
770,10/19/2017 17:15,54.0934,24.24,,,,,
771,10/19/2017 17:30,54.0934,24.23,,,,,
772,10/19/2017 17:45,54.0934,24.18,,,,,
773,10/19/2017 18:00,54.0934,24.11,,,,,
774,10/19/2017 18:15,54.0934,24.04,,,,,
775,10/19/2017 18:30,54.0934,23.95,,,,,
776,10/19/2017 18:45,54.0934,23.88,,,,,
777,10/19/2017 19:00,54.0934,23.79,,,,,
778,10/19/2017 19:15,54.0934,23.67,,,,,
779,10/19/2017 19:30,54.0934,23.57,,,,,
780,10/19/2017 19:45,54.0934,23.47,,,,,
781,10/19/2017 20:00,54.0934,23.43,,,,,
782,10/19/2017 20:15,54.0934,23.36,,,,,
783,10/19/2017 20:30,54.0934,23.29,,,,,
784,10/19/2017 20:45,54.0934,23.18,,,,,
785,10/19/2017 21:00,54.0934,23.07,,,,,
786,10/19/2017 21:15,54.0934,22.71,,,,,
787,10/19/2017 21:30,54.0934,22.69,,,,,
788,10/19/2017 21:45,54.0934,22.66,,,,,
789,10/19/2017 22:00,54.0934,22.52,,,,,
790,10/19/2017 22:15,54.0934,22.31,,,,,
791,10/19/2017 22:30,54.0934,22.31,,,,,
792,10/19/2017 22:45,54.0934,22.34,,,,,
793,10/19/2017 23:00,54.0934,22.27,,,,,
794,10/19/2017 23:15,54.0934,22.2,,,,,
795,10/19/2017 23:30,54.0934,22.09,,,,,
796,10/19/2017 23:45,54.0934,22.05,,,,,
797,10/20/2017 0:00,54.0934,22,,,,,
798,10/20/2017 0:15,54.0934,21.96,,,,,
799,10/20/2017 0:30,54.0934,21.85,,,,,
800,10/20/2017 0:45,54.0934,21.78,,,,,
801,10/20/2017 1:00,54.0934,21.73,,,,,
802,10/20/2017 1:15,54.0934,21.63,,,,,
803,10/20/2017 1:30,54.0934,21.52,,,,,
804,10/20/2017 1:45,54.0934,21.45,,,,,
805,10/20/2017 2:00,54.0934,21.37,,,,,
806,10/20/2017 2:15,54.0934,21.3,,,,,
807,10/20/2017 2:30,54.0934,21.25,,,,,
808,10/20/2017 2:45,54.0934,21.2,,,,,
809,10/20/2017 3:00,54.0934,21.15,,,,,
810,10/20/2017 3:15,54.0934,21.06,,,,,
811,10/20/2017 3:30,54.0934,21.02,,,,,
812,10/20/2017 3:45,54.0934,20.93,,,,,
813,10/20/2017 4:00,54.0934,20.85,,,,,
814,10/20/2017 4:15,54.0934,20.81,,,,,
815,10/20/2017 4:30,54.0934,20.76,,,,,
816,10/20/2017 4:45,54.0934,20.7,,,,,
817,10/20/2017 5:00,54.0934,20.68,,,,,
818,10/20/2017 5:15,54.0934,20.62,,,,,
819,10/20/2017 5:30,54.0934,20.55,,,,,
820,10/20/2017 5:45,54.0934,20.47,,,,,
821,10/20/2017 6:00,54.0934,20.42,,,,,
822,10/20/2017 6:15,54.0934,20.4,,,,,
823,10/20/2017 6:30,54.0934,20.36,,,,,
824,10/20/2017 6:45,54.0934,20.32,,,,,
825,10/20/2017 7:00,54.0934,20.28,,,,,
826,10/20/2017 7:15,54.0934,20.18,,,,,
827,10/20/2017 7:30,54.0934,20.11,,,,,
828,10/20/2017 7:45,54.0934,20.05,,,,,
829,10/20/2017 8:00,54.0934,20,,,,,
830,10/20/2017 8:15,54.0934,19.95,,,,,
831,10/20/2017 8:30,54.0934,19.94,,,,,
832,10/20/2017 8:45,54.0934,19.88,,,,,
833,10/20/2017 9:00,54.0934,19.83,,,,,
834,10/20/2017 9:15,54.0934,19.8,,,,,
835,10/20/2017 9:30,54.0934,19.77,,,,,
836,10/20/2017 9:45,54.0934,19.73,,,,,
837,10/20/2017 10:00,54.0934,19.74,,,,,
838,10/20/2017 10:15,54.0934,19.78,,,,,
839,10/20/2017 10:30,54.0934,19.82,,,,,
840,10/20/2017 10:45,54.0934,19.89,,,,,
841,10/20/2017 11:00,54.0934,19.93,,,,,
842,10/20/2017 11:15,54.0934,19.96,,,,,
843,10/20/2017 11:30,54.0934,20.02,,,,,
844,10/20/2017 11:45,54.0934,20.15,,,,,
845,10/20/2017 12:00,54.0934,20.24,,,,,
846,10/20/2017 12:15,54.0934,20.45,,,,,
847,10/20/2017 12:30,54.0934,20.56,,,,,
848,10/20/2017 12:45,54.0934,20.76,,,,,
849,10/20/2017 13:00,54.0934,20.93,,,,,
850,10/20/2017 13:15,54.0934,21.13,,,,,
851,10/20/2017 13:30,54.0934,21.25,,,,,
852,10/20/2017 13:45,54.0934,21.45,,,,,
853,10/20/2017 14:00,54.0934,21.6,,,,,
854,10/20/2017 14:15,54.0934,21.66,,,,,
855,10/20/2017 14:30,54.0934,21.73,,,,,
856,10/20/2017 14:45,54.0934,21.91,,,,,
857,10/20/2017 15:00,54.0934,21.99,,,,,
858,10/20/2017 15:15,54.0934,22.04,,,,,
859,10/20/2017 15:30,54.0934,22.12,,,,,
860,10/20/2017 15:45,54.0934,22.28,,,,,
861,10/20/2017 16:00,54.0934,22.37,,,,,
862,10/20/2017 16:15,54.0934,22.33,,,,,
863,10/20/2017 16:30,54.0934,22.23,,,,,
864,10/20/2017 16:45,54.0934,22.26,,,,,
865,10/20/2017 17:00,54.0934,22.23,,,,,
866,10/20/2017 17:15,54.0934,22.18,,,,,
867,10/20/2017 17:30,54.0934,22.07,,,,,
868,10/20/2017 17:45,54.0934,21.98,,,,,
869,10/20/2017 18:00,54.0934,21.85,,,,,
870,10/20/2017 18:15,54.0934,21.91,,,,,
871,10/20/2017 18:30,54.0934,21.9,,,,,
872,10/20/2017 18:45,54.0934,21.73,,,,,
873,10/20/2017 19:00,54.0934,21.69,,,,,
874,10/20/2017 19:15,54.0934,21.54,,,,,
875,10/20/2017 19:30,54.0934,21.43,,,,,
876,10/20/2017 19:45,54.0934,21.32,,,,,
877,10/20/2017 20:00,54.0934,21.2,,,,,
878,10/20/2017 20:15,54.0934,21.06,,,,,
879,10/20/2017 20:30,54.0934,21,,,,,
880,10/20/2017 20:45,54.0934,20.93,,,,,
881,10/20/2017 21:00,54.0934,20.81,,,,,
882,10/20/2017 21:15,54.0934,20.77,,,,,
883,10/20/2017 21:30,54.0934,20.61,,,,,
884,10/20/2017 21:45,54.0934,20.45,,,,,
885,10/20/2017 22:00,54.0934,20.33,,,,,
886,10/20/2017 22:15,54.0934,20.31,,,,,
887,10/20/2017 22:30,54.0934,20.25,,,,,
888,10/20/2017 22:45,54.0934,20.18,,,,,
889,10/20/2017 23:00,54.0934,20.1,,,,,
890,10/20/2017 23:15,54.0934,20.04,,,,,
891,10/20/2017 23:30,54.0934,20.01,,,,,
892,10/20/2017 23:45,54.0934,19.92,,,,,
893,10/21/2017 0:00,54.0934,19.88,,,,,
894,10/21/2017 0:15,54.0934,19.79,,,,,
895,10/21/2017 0:30,54.0934,19.74,,,,,
896,10/21/2017 0:45,54.0934,19.7,,,,,
897,10/21/2017 1:00,54.0934,19.65,,,,,
898,10/21/2017 1:15,54.0934,19.58,,,,,
899,10/21/2017 1:30,54.0934,19.51,,,,,
900,10/21/2017 1:45,54.0934,19.3,,,,,
901,10/21/2017 2:00,54.0934,19.19,,,,,
902,10/21/2017 2:15,54.0934,19.14,,,,,
903,10/21/2017 2:30,54.0934,19.05,,,,,
904,10/21/2017 2:45,54.0934,19.03,,,,,
905,10/21/2017 3:00,54.0934,18.93,,,,,
906,10/21/2017 3:15,54.0934,18.85,,,,,
907,10/21/2017 3:30,54.0934,18.81,,,,,
908,10/21/2017 3:45,54.0934,18.73,,,,,
909,10/21/2017 4:00,54.0934,18.7,,,,,
910,10/21/2017 4:15,54.0934,18.66,,,,,
911,10/21/2017 4:30,54.0934,18.62,,,,,
912,10/21/2017 4:45,54.0934,18.54,,,,,
913,10/21/2017 5:00,54.0934,18.47,,,,,
914,10/21/2017 5:15,54.0934,18.38,,,,,
915,10/21/2017 5:30,54.0934,18.35,,,,,
916,10/21/2017 5:45,54.0934,18.34,,,,,
917,10/21/2017 6:00,54.0934,18.29,,,,,
918,10/21/2017 6:15,54.0934,18.23,,,,,
919,10/21/2017 6:30,54.0934,18.15,,,,,
920,10/21/2017 6:45,54.0934,18.08,,,,,
921,10/21/2017 7:00,54.0934,18.01,,,,,
922,10/21/2017 7:15,54.0934,17.95,,,,,
923,10/21/2017 7:30,54.0934,17.87,,,,,
924,10/21/2017 7:45,54.0934,17.86,,,,,
925,10/21/2017 8:00,54.0934,17.82,,,,,
926,10/21/2017 8:15,54.0934,17.8,,,,,
927,10/21/2017 8:30,54.0934,17.76,,,,,
928,10/21/2017 8:45,54.0934,17.74,,,,,
929,10/21/2017 9:00,54.0934,17.69,,,,,
930,10/21/2017 9:15,54.0934,17.68,,,,,
931,10/21/2017 9:30,54.0934,17.68,,,,,
932,10/21/2017 9:45,54.0934,17.72,,,,,
933,10/21/2017 10:00,54.0934,17.77,,,,,
934,10/21/2017 10:15,54.0934,18.1,,,,,
935,10/21/2017 10:30,54.0934,18.06,,,,,
936,10/21/2017 10:45,54.0934,17.78,,,,,
937,10/21/2017 11:00,1.6387,19.75,,,,,
938,10/21/2017 11:15,1.0489,20.81,,,,,
939,10/21/2017 11:30,0,21.65,,,,,
940,10/21/2017 11:45,0,21.66,,,,,
941,10/21/2017 11:57,,,,Logged,,,
942,10/21/2017 11:58,,,,,Logged,,
943,10/21/2017 11:59,,,,,,Logged,Logged
